leagueId,queueType,tier,rank,summonerId,summonerName,leaguePoints,wins,losses,veteran,inactive,freshBlood,hotStreak,miniSeries,puuid
5eee2374-4426-497d-a33c-b7f94039def1,RANKED_SOLO_5x5,DIAMOND,I,fd0aCfGgwGMdzWZ85fhZBAp9BU0eIXYri6Il7p-lcCuUgO8,드가자아,14,174,121,False,False,False,False,,GdE_RYGj0uqzgc-X_D0IvqEv9VMCMoiZF9T0rh0j92d0pEau8v4u_V3CsijYCeRMJMIHuedy6X8ARg
d5f37e47-f4db-4a48-ab51-2d8102a568dc,RANKED_SOLO_5x5,DIAMOND,I,cQ0Zdz8gMFabrw7UsZZcpKUN09Q0zRx0KW4NOZczq7HXpcA,T1meLapse,77,131,125,False,False,True,False,,R4ulg0XFTXFKDD0poaBMgyIoIm2JdK9DC-IF7kgdIuZdqvupcVxPXaZY869bX1vFB0Khuns4YR6D7Q
61eaeaba-6c4a-4c5e-a90b-b41b13f999ff,RANKED_SOLO_5x5,DIAMOND,I,GuKKm9im6LMd2wSsF1YM5YNj29QhyA2eLz-3g3Xh-8riJI0,카 나,46,145,114,False,False,False,False,,39AZHZdoN_2vML05Z22PnLoTzhhQTsXavhEdN39pSNUhJdxnB3-GkDN8El-Egy863cTJ0C4tq6rg4A
c6803ce6-71ac-4ed3-9b30-80ee57380e1e,RANKED_SOLO_5x5,DIAMOND,I,jQd1KTaCD6P0LB3ET5Lo1R3qUn3jLnT0CaKFVxU5HSDxdSY,옥정동 호수공원,29,72,63,False,False,False,False,,kBRVNKqTsZwG-xf1E-T7Xtl6jhkUurp1droBHK4oDqOQta2ombLMFfBONJgdsU6rPahcKriwMNudeQ
0ddd8413-9807-4e46-bdf9-0cc840278ce8,RANKED_SOLO_5x5,DIAMOND,I,ETgWoTCNhVv16IefUaK5qey_Zs8yeTe60eBv1o2tcOuc1Gk,0012345,15,120,121,False,False,False,False,,J8FnP6Ms5AXzIFGQNqX-O4SFujN3ITBnXfnr94kbMOGDhaZK0M8VDXhAuKzJK1WbPVzDiE-nv_QYAQ
b0b79fdb-4079-4d9e-90df-1ecd62a9126b,RANKED_SOLO_5x5,DIAMOND,I,F5twyGCkw7ElL0LdWcMI0fGtlqUVhKB7MQqg57uj_yorvmc,마오카이세라핀,0,449,406,False,False,False,False,,9355wJl-Nj7SfHqbM2UPeQL3onH2Ty2MivT_zZrfDcC1QWKjZCUoeo_5dwZnl9C0lIDmcB-666ok5g
5f40cef0-7e64-4a33-89f6-e9d17b87f3d2,RANKED_SOLO_5x5,DIAMOND,I,m5YjF_EAIMmvmNGr7fIyF-ESKIalUN-yh4Bgeaw2gj4v5VQ,CARRY KING,17,545,478,False,False,False,False,,h52a05LtzXY8Nbh3Ti6S_VGQM3ZJjVjlMp09U77dVdYT4WWV-OCLZ5OLf7TIXCvaCfWcDEVyUGvwmg
6a289392-661f-4fec-b194-6e2b20663eff,RANKED_SOLO_5x5,DIAMOND,I,84aO3q8vSms23F__gMd7olPe0JdBv_CfC8xyW16ZteLxV7A,케리아 큐돌려,100,331,302,False,False,False,True,"{'target': 3, 'wins': 1, 'losses': 0, 'progress': 'WNNNN'}",ScZxWY52gviqnufiIkZxQqrtr7MtIViqIv5KjvLR6zjEwfxk12vR34XYQahf13iQI-fsvVSxzC61LA
5355edec-77a4-40d8-b556-00522c1b28c9,RANKED_SOLO_5x5,DIAMOND,I,Lar8YiKbmw51LnzMcL3efh1ey8iQF8y9A8Q-ZRFCCVX3zYo,Fancy u,30,143,128,False,False,False,True,,55LMAY4GK5hJ_3d7j_xjICNa9dN9jaTM_AIwxA-DbazBACQo9kNmSoBSX_m0m_JwgTE2-4G2cVt3Eg
c5ba3dab-f00c-4d5b-8dd4-47eb04017390,RANKED_SOLO_5x5,DIAMOND,I,K5_gLySGNcXUrr2PyUHuLJGkWG97G6oEqmfBETTfWEQ1c5U,돌아온 왕찌공,100,394,387,False,False,False,False,"{'target': 3, 'wins': 0, 'losses': 0, 'progress': 'NNNNN'}",ATckemSH0mDPRwOFI4JdBfB36fcLR89oHEHkc8EMv8j1wWcM5pXs_tIfRspOBvtWwhm40MKZJNgFkg
bf41d368-013c-4f9d-b3d1-d26568c71f0a,RANKED_SOLO_5x5,DIAMOND,I,r6abFWsKIIwsX4UjpsDvypYj6P8qiUlvbgemXvXRsxWWicU,무지성바텀시팅좀,23,205,196,False,False,False,False,,XCD8Eb6I_w_nTTlH2Y97OLPWwIhooi68rrN0gfkDTZTcaxRvbmw2IgQzIaXOlrbKarIIObguJUHcJQ
98b99401-c021-46c1-ac31-2c6dfadf4864,RANKED_SOLO_5x5,DIAMOND,I,NWa-X5gxe_sjcdv8qkFC_4gVJ3mTPngNuysIhYPW1gOZDu4,매운문어덮밥,15,266,201,False,False,False,True,,KkPamyCeJfzKYw16jVOFOjegZTK34xscOURKl9SkBGJNVvKrP9atseHpgcqGtmb9UnlVXoWQA1A_qQ
ccbe9251-d6d8-45ed-b146-9e62d6842d12,RANKED_SOLO_5x5,DIAMOND,I,8lebEZS-dGJh1vU-WGq9onFXmNjrMJar3J_WfOVabF2N3Ok,서폿인권의권위자,22,309,304,False,False,False,False,,o75SPpKVZLr4EehDbzBoJHq0-dJGXP0mSZqdVCdEUEgHpPsO-E2M-DiXFmJJ5wPFTxzUIKtVEkKONA
23cdff1b-d84a-4b32-ae05-a2a6b544f67f,RANKED_SOLO_5x5,DIAMOND,I,pkGqoa9q8nfenCzGPYW8t7ivSFGl4npHLKFoD_vUtQLXE4U,lIlIlIllIlIIl,99,406,358,True,False,False,False,,yfDnbJbaSpkGGWjrxNwxOYOkWUgyfBUKgg9LyM3Z6shpxdFsYOoZRJnXzAAuPep8ERwZBvi1WUwPNw
33270a9b-b815-4a14-bc2e-062deb702619,RANKED_SOLO_5x5,DIAMOND,I,ciTiqWLQWfkXI79dl0gxKvGP2oM6ZxxQ9BBGQo3QzwwOYaA,김재이,89,110,104,False,False,False,False,,krV1j6LFYwA2SQzsqeNcdqV37I-8zq6CIFFvUX_3RZVgA7TZEb6QD8o58QbVRZbDOUguchbv-2J17w
0a8ac77b-50e8-4cc6-90ad-7e97e4c3eba9,RANKED_SOLO_5x5,DIAMOND,I,bGZmM23dcIuFYRu3GL_A-wYN4b2x9VeZq8iLBzCoNiNvGK4,온 봄,75,131,130,False,False,True,False,,hWY6mPVhV6d7EqNHVgvYidY2bYA0GCW6XiZnoaXJQ2Q62s1KIsp6kpAMPTtvyOcGd0ZEBGhVeFNkNg
a952afaf-7657-4c11-9cda-bc2f62342e86,RANKED_SOLO_5x5,DIAMOND,I,xFg12P_syATv8fWKqCeNbAWSSD-g74sGOYIyluwHg1KyF1w,98 Crack,7,277,287,False,False,False,True,,F2672dvhDxjjkV-VCk6aNj-BynjDL3BOtkFiJt7fNrGJnDtOK4XfaLJIqKRzIs2klJWm-cGZlcmzZw
54e790df-4e19-4c0e-928a-29464f81b210,RANKED_SOLO_5x5,DIAMOND,I,ZXWKoaJAl4XE6y3iAiRY6WjBWWMVxYZvNnG5fm0r0wpzRAQ,수줍은금붕어,62,737,676,False,False,False,False,,JynDet48j1WskjYoTcf-PSOk9jP4pPtfw32cf0q-dpv3dliKrGVuKXC3016h9qQ4Bsrm9VXDZhDcNw
c84ec0d9-4d55-45cc-8827-35d14a9297aa,RANKED_SOLO_5x5,DIAMOND,I,1aIOCyrz82TbVb8bpyQnn-WtExw-5KnskApWVAVOxA2kmLE,웰컴투 바드랜드,72,268,237,False,False,False,False,,8cz7VYfS3lRGMQla-7oRHrAj9jTlOqSl8hEdUKZzhp0sLBw-V2MD-_6AllXxD2cuu02t-48f9BGQyQ
110636c4-1562-40ab-bc53-3e8754f73f15,RANKED_SOLO_5x5,DIAMOND,I,gZwA8OkalzVDxT9JA0VLg_yoedQsbXAark2YZQzc9pWs4BY,xixixixixixi,17,232,197,False,False,False,False,,YbgcpW_1opIFPBzrnQpl3EbSF61gJXQN1tN5c4Yq8jj_O67zhiEb78BUP89D98dcF4UQBXtsbrnrxA
9e902cd1-7f56-488f-bd47-a5e378de1071,RANKED_SOLO_5x5,DIAMOND,I,qyrNE6gyv-XoejY8eCv1IYOCvwnbamp9GZFernHR29-cpCs,이새낀 진짜네,26,149,145,False,False,False,False,,X45LuaCQNjA_IMemubFaOoHFdtwEs79Yh9KIKQ4CpugXJqNXiMuLkkS_6NhbFcjbKDieFhj_DctpqQ
c7c07f99-5e84-4e55-9576-35a8427d5dcc,RANKED_SOLO_5x5,DIAMOND,I,PoVcFi9sPzOUjZ0-OsU3IyBfFa1rcs9h8pNa5bozu3Nh4B8,뜌 동,0,179,153,False,False,False,False,,evODoHcB8uAU2RisXioTbLJ-LQ5ugWNc7RXJ6owVRIAtoj7fJdHlS95bWY9m016A4tlDrDoysdXrAw
59375efb-2ca2-446b-9297-ec4afd81238d,RANKED_SOLO_5x5,DIAMOND,I,DZB13Q_mtOYYcrkJtdUesUfdeeOVzgYTCJXqEjUSiEgtpsA,민초먹을래,41,223,157,False,False,False,False,,MvdxxCboChsLi0StouMVrxfTjhvGEoMGrtTLrQeU_MjTxiHpBcvnXaVhDzixBP_aFRzqn-Gb2VRssA
07fecd81-cc11-4bea-92d5-1e10ade7a40c,RANKED_SOLO_5x5,DIAMOND,I,izK-LDRlQIyX9ZvHCtTw9gurFuYCwElIKZqB_f5Mg_UfiJ8,눈물이 뚝뚝,77,204,199,True,False,False,False,,yGD8wEbq6hiip-nVjbY1ME6tDIXDYrDq6ezay_zT5QVEsOAabCuAAIyWw_rWxolqDWcgxiX1r2VIhQ
07892246-d2c5-4cb7-8156-38ddb3401458,RANKED_SOLO_5x5,DIAMOND,I,kflwk-mheA7tNilpWQHG1JHtA7OA43tTNt1yiwG3ypg--0s,노림은수학이다,17,293,251,False,False,False,False,,as65gmZGBSB_zDrPRhJc7nYF4BGr7dnRltOclfjVFTXAlJR9G_NUGMAXCPeKm_7Ye9rEpIMDGUR-kw
4a17750c-58b8-40ee-aed7-6803a6b447cc,RANKED_SOLO_5x5,DIAMOND,I,bREBz4YxU4CaxaSui_P_ylG_RoM2-I8Z0C901x017e_w2C8,Klng of JungIe,11,419,325,False,False,False,False,,VMw14JDM3V1GKOfw8MPYTGlHq9qSFYMVCE0k150dXwB-Mok61gb4Bm6agiLdGelnq7ayDY8hpLOxCw
b4d3ddc7-dc1e-43d1-b60d-37048d6258b7,RANKED_SOLO_5x5,DIAMOND,I,hX4HzQ85w0ZNYcHJZOEN2gpYQKI7-NtgVwg_X5W-1ncfcEs,아무무 님,32,295,263,False,False,False,False,,_af5Ysi02paDM_7rx52L20fPBklk4R-jnLA4h8iQz5KzSLUp8uSFgoSwIXO3X0ET9-yN_Wdr18J6Yg
562aef54-c7c0-48fb-8e63-9e269637db34,RANKED_SOLO_5x5,DIAMOND,I,0tvVkj3khcFo-dnPhFUrl-U1vsos1svtmro9SSnJgqldKFQ,응헤라디야,40,219,188,False,False,False,False,,0jMBbNudO75j4HBsHyLdxYhYzPk0J7lPZ3197r8oYC6qRr_K-GTBFk8kRhFZRDXvyZv28ahL607U_g
2ad39235-f4d3-408f-a2f9-a947764f0305,RANKED_SOLO_5x5,DIAMOND,I,EYbdpJwbuE7hmuLHeBhkHESF6J3C8GkdA19VsCVFondSLVs,호냐라,45,111,109,False,False,False,True,,4ZT41B7WolXPl_M-fgdxn2SjAcmsUwUXLB-5uOFxf1A-D7LHJJ23nOSr1gp1a2idUL37lwZ4W68bPg
f83b5810-0d1d-4998-a987-02184b72f2cb,RANKED_SOLO_5x5,DIAMOND,I,j38iVLM4dl2gCzavw9BwACbNtcbM3-9vqMMp-ldVf_afWEk,애니비아한다,90,432,428,False,False,False,False,,ReYa5BfYBo-yzGKyiiyDbFf5DO335Uv3C8sVReGLii2tmp7VEl-2g7EqEHyiWn5vkJdrHQoFm2G-Xg
981e0734-2c86-4808-9ffb-dca43a6548a9,RANKED_SOLO_5x5,DIAMOND,I,GcJXkhfDt_bAeqILqO2pUSmzNF-ufnToHe6s9B7uRktNr6c,킹  갓  빡,22,267,226,False,False,False,False,,48ihTWOvqqITEkLWIGmUVIJaMf9xTX41JP5iimyy7WmIYJOqwHStxnN3Hu31ko0XWMh2g3BZrvmq6w
5e739e56-792c-4552-a3a7-ea65b8776065,RANKED_SOLO_5x5,DIAMOND,I,CoOJ4rzSpI_r0JKtfZ6sJUVSUlNo8on1nsyLqRjmDRxFjEY,베이펑,78,294,276,False,False,False,False,,p9bABgBGBT-CVqlcU7l6ht57fqncHk5US7bg2mBKFjlQaxzx95YN1HdFh7yMq21LAUuoP76c-2FAbA
914bc42f-8ad9-4bb4-90f8-db73f632466e,RANKED_SOLO_5x5,DIAMOND,I,jLLCTmJD3cshWvToPnggAI4Mc_w23X1UxFdJsyBQZQ7LH_M,그레이브지,38,287,251,False,False,True,False,,nbvVFVde5x2y7xeuoEAtlXCY0lkTqps_0FDUy73M381_cmYgxbLya4yAAUgMJeCgP-n0LqirggQZXA
098f2c01-597f-4b92-9cd1-f0158ba97d03,RANKED_SOLO_5x5,DIAMOND,I,G5uXuEs8PnXztfy23zJeJbby6i9zsoVPHmTXIWdWU_AOwSY,33 Savage,39,70,59,False,False,False,False,,a4UXk-tTdau839m7YjSFFIMb5tnvSQkZLVNu1CDykN5Hhcg7zhLwlDFkrAHPi3xcgKJwLbO4Uydmwg
53fc415e-b961-4f32-bef9-5fb4d942a62f,RANKED_SOLO_5x5,DIAMOND,I,eAdIkxaaCWMy_s5C-FZ9xj6zhZnh3KxjOSsMhWmf-gzF9Po,두이연,100,243,230,False,False,False,False,"{'target': 3, 'wins': 2, 'losses': 2, 'progress': 'WLLWN'}",ZIiVB7JYgCxsyCaliBhD2waoOZXe_-u_jU98yOnVam5yWAOsr5ZYh9FXaYl4B3HDwRKzYSnNvb7gdg
8e77f308-1915-490d-9de5-33109f3ec922,RANKED_SOLO_5x5,DIAMOND,I,86W_iYW4LevCcRJ6R8QN74dJhHvP_wtJ6y9SGKX4nmrOafk,쌔드엔딩,75,73,38,False,False,False,False,,JbRRt0twy9A-yt3UOlzHdy5Rucdmd4Hnu6-rNDVWUsDqKNKbcVYye1nkHefaMcPTBzL6Izj4YHdrWA
3cc2fd30-f7d8-4afb-89e9-ae8839c810b6,RANKED_SOLO_5x5,DIAMOND,I,DHwVZgVby8QSE6yNX7zPKZGClsGBEuEABvV31teLBB0cmbM,굉음쥐,27,78,63,False,False,False,False,,A2wGTn5mAaYS3xM-inwLVBDtNTJct5HvlWcFfNuSSnTt6Bpg_wOCvzQTK5x2QJHIOdyoxSuK2pw1GQ
5b04f43e-a53c-4cb7-98aa-d8e90b815625,RANKED_SOLO_5x5,DIAMOND,I,dMdAKY02v25334ViOrzZ-z9bCI32RCTrdCFYOVTI-XeseXk,GodLage,39,364,335,False,False,False,False,,2KQy2amL62nXdLndEe3Jm347wVzC5ttZkJbXtiZuLTSfu3tYpe-u9nbEvj95bZmcs-H-Mce5XVuqzg
1da46e4d-10cf-4dfc-9bc6-cbfe689fe6d1,RANKED_SOLO_5x5,DIAMOND,I,RL6tl4gOkuGWhqs2aLfKlkWYK1uENxWJBuyK8dOD1Xl0sq4,Tempo Broken,70,181,149,False,False,False,True,,n_1xnzx5WxHHseZ6MZuEa_fffHNyOTH4VepfcJxVvG5Q8NAYt9-Lcz8lamXarE7JeTNx7wRhfBAlyg
3dd5dea7-7f29-43ab-8a07-ba2322c8fa5c,RANKED_SOLO_5x5,DIAMOND,I,6gBgUFazfO4pMBtKiVa4kAJAr7BnutVhcf4AJh4qevXUs3c,Tooda,1,30,14,False,False,False,False,,iGeFLJ99MxvFYlVq9QWyCY6s9L0_Vu7OTWgo5YJSXhgDNk7e1pKApCFno4yEouYa11JH_S4ZQfIglg
767de6a7-a0f6-41e6-9818-150f99c43183,RANKED_SOLO_5x5,DIAMOND,I,44BXcFTtWMVWG8Jt5qc7_Tre_jZjiqR5iJcjz3h0VTDCTLQ,갈락갈릭레이,39,109,73,False,False,False,False,,ZtPqSoSisLKaZu2jVjIGwO58uevNzUrCKA0tf6cWGrmCVDOEnmfILGS_gH39LilHBe1Pfl_a8C5Z0g
c03fb82b-65e2-41a9-b912-005731a6b437,RANKED_SOLO_5x5,DIAMOND,I,kwkwmBsMpP4WmfPlBgrLrHpumWsoISsyF9tDNYmJjFAXGIQ,불의를보면흥분함,38,60,53,False,False,False,False,,sJsfm_U5rJMShhSES6I49GrLc7YPSIOR4tvaq_xZ5Mt0ZsBpdfIsUG_H-ieldWRO4E9ZWP4RhR8Z4Q
ca39e470-1bdc-4414-a25b-82134a2656b5,RANKED_SOLO_5x5,DIAMOND,I,5FE4rf_F3jT_j4zfQd93CeDBhhLDeusPM5xJ1xL_k6Ji5_k,tenten12qq,1,759,707,False,False,True,False,,O1kUutde5j-l7nToL7Co8O33V1nmyE7hJoUl5IK2_vHycEXE6QKgITSsl_dCG3sUf3-kthnenHO9oA
fd754cda-4e91-4126-9276-469711019ea4,RANKED_SOLO_5x5,DIAMOND,I,nCuvr-YtAA7sN05M3zq1_tyKSse8AyXbnXKlufJB4WwPtKk,heybib1ee,9,348,288,False,False,False,False,,hC8cZTDVYgHmMfRXTc2gHkPFDf2Vp1agbYF_yA9jTxC9DbQnnKbdcDgllnkADt4qIaXqkhI1B-reKA
4c45a209-effc-46cf-9255-7d834dfb2f37,RANKED_SOLO_5x5,DIAMOND,I,bkjmUg3Iv8CfXPxyZY3m7MAyQe-PexQEJTEjwukmLmcVLMk,새로시작한다1,0,363,352,False,False,False,False,,cy3WgwIUiWBVI_-je7ov0Af0fG8zAmxebKUeNUb4ODhFaux5-OITnBaSu_qfMzGDmh5aP4DTnnrDkA
0ddd8413-9807-4e46-bdf9-0cc840278ce8,RANKED_SOLO_5x5,DIAMOND,I,3n5EuUgiiu8Mk11pexvVOslOCLWbEaausxqrZaWd8YF_fEI,왕캄자옹심이,13,193,157,False,False,False,False,,BRuD8ZMZRNf8BrtltvMM4ggyzdLrg866md2TpoIxzsUs1o-Q0biqvrZZHWeWeb3NmUdxh_HI3xCoWA
4b7da790-8360-4d22-9e34-a807dd25f2b3,RANKED_SOLO_5x5,DIAMOND,I,VaY1khx2DmsOPIRvPyOgn0lmfGF5lFNYI3EfvrGrd1fdzns,숟꺄락,100,262,235,False,False,False,False,"{'target': 3, 'wins': 2, 'losses': 2, 'progress': 'LLWWN'}",jFavAJ7SGu3O8mgZnWFeBm9BlBzWY7tRSgLQJ28l2keu8eFQb8SHEJ8RXSdFInSzpy4LBfrWNyowqg
4a28de2a-68e4-42e5-ad98-fe1d90e0e8ee,RANKED_SOLO_5x5,DIAMOND,I,pqM3HthjiqYz2g5xOFMGggDkcBkYl-SC0DAB1ij4IT02xnM,sdfkfdlkn,100,228,217,False,False,False,True,"{'target': 3, 'wins': 0, 'losses': 0, 'progress': 'NNNNN'}",anz9Vsi-OZcFxoOYKmyGhdeGh_iT4qMAkCHFR5ldASkDjheQuyWDFnG5ij10HtF3GLLwTZhEA1I-ow
4cf5a26e-03fe-4dfa-ad13-5e45b7df856d,RANKED_SOLO_5x5,DIAMOND,I,dQaJdgBDeI75l_C_FL_VpAGyYVTaT6cLaFNUUVAZ2KspKaQ,m1ddyyoon,56,129,115,False,False,False,False,,lvhWd12pcuyRLCvCPcV5UYNuWdBO9D5nh35SlWYiOm4w2zAOgKXQI4HaHGeE4Ne4t-ibIVYgSvOhYg
187640e6-0675-4898-86a9-8f9e2a5cb66a,RANKED_SOLO_5x5,DIAMOND,I,dO_CbapSBtSdAXJmh0mqbnpJwbA-WSzDOGXPR8MOo1kGyRM,박코르키,19,74,57,False,False,False,False,,PdD3-0cqVhtp0X2e6sWgI3UXfDhmPn63PUsPiyP44jXT-EhhZUWg9OoBuIkKZfLi92lKvt6Uszoy7A
b1aa6229-f5f6-416d-b48f-4d15c0c15fb4,RANKED_SOLO_5x5,DIAMOND,I,YI2_iU_T2o4Qv8SB8ei-hfApWoI7VYX5EghJuU73B3c2q4k,Kging,26,109,106,False,False,True,False,,fbIu8s0QMSERr50EdRnocp9F2f3YrzApbvxLgXmprvRRQaol6ZnIibrjK5F5JaM8djXekpFrT2P0EA
1cfac857-c8e5-42ae-85c7-35ca06b3b417,RANKED_SOLO_5x5,DIAMOND,I,8Jg6ppMOoH-BYrHhoGn-CQKf_AXTEBXMCmV6gmHHGlCtC8w,레전드게스트훈이,5,546,515,False,False,False,False,,B-Q85VmdXJD7B6Gvz5tw_K6dBZLvJ5oESEm9qBNqTij63KroYklJPKWI209jAkVHL7MjsliTqyRrsA
ec5f2efc-4daf-4921-bb8c-97be0e2ddacf,RANKED_SOLO_5x5,DIAMOND,I,FeVsOrhcdPWw7UgospEMnAotdSuVQ_IC8u3cuVV4pf_HiWo,유튜브 호신,25,270,279,False,False,False,False,,BOVEM7MdQQFFfMJ_9CpidIWJyDNsIKj74wbp9ZwwHYj8hSMbhDsYMNrJu05OJ3d_SXC6P-Nm3_o4zQ
0c7b31b3-efd4-4735-a099-2631721badd1,RANKED_SOLO_5x5,DIAMOND,I,UIjb3EdLr5nKN4iYaWpYHtFl_5-kKOysfyrPncpLwgHST9k,rhy,15,349,353,False,False,False,False,,IaChvZF5YaTQduOxAB4chYF1zexrzMTYCevHLqfxMIiwXx95UPJuXdPdxXXpI_sblkjxv7kcySjrlQ
b72e83c2-8061-4aa4-961d-5da3b1d21ed8,RANKED_SOLO_5x5,DIAMOND,I,9RCvTvDmbVCjCniQ6uRq65I-Elc_RezufRDvCC6hqR61fQc,Vvong09,95,150,135,False,False,False,True,,RBTK_O4OVT5aySjjj82pbrHyyS3N43ZBQe308OEEnP7xq2MzedrDXU49AlCLxCJjJrUY3qUb2_26cw
c538ec26-b10c-44dc-bb14-6b780d90baf9,RANKED_SOLO_5x5,DIAMOND,I,5pSUMUd-c4pq-wWWQ-5bf9MxAoE6BTUA4EfZXU7KBF2lsIg,Nansick,48,275,264,False,False,False,False,,tH3OL8dkJn05IDUBaFCmrYBrjHJ7BWG2fSRq_GsG5suFExlbms10aSV1C0YegXZGi-OK2W-6N64yUw
981e0734-2c86-4808-9ffb-dca43a6548a9,RANKED_SOLO_5x5,DIAMOND,I,ISKiQCnn02kY2Tzi0ciVgQdWlGkAymjhb_UbyPiEoMxrRcA,핑프대장,0,158,124,False,False,False,False,,sETAAwMBaOIC5uuNdEOO2e5MnnYiVNsRAiJTzAjojbV8aKsNHkluvoc_owRuPY8ZMwylG1j5D_yLiw
1f15b7c7-ea00-458a-86ae-e493672f4da2,RANKED_SOLO_5x5,DIAMOND,I,kubvJaC-GYIAaAxHvQ524cGqjTEYf1iNO-vLtMTUidHOGQ,Aspect of Rain,64,39,8,False,False,False,True,,8ILEEltPHICj11-b6pPq8JcR4_q_Za6mamlKQd4LZvxmOsDO6wRIVUJyJA23iKO9M5r9ccftQVmH5g
1869b05e-3138-4a43-b992-0a5ed1181244,RANKED_SOLO_5x5,DIAMOND,I,Zkzi4LLoVg_vDlbTaaQ1R4ikXzGWB1KghEh0-MwusABh8YY,뱅 조,39,252,224,False,False,False,False,,5W9RpsllSbVJy18qSg8iSu0LbwD9p3AtXLi10OMm5qQf_YgxlYu42vsnyNmhR9x2EFgQ0_cin_S7YQ
6d3c7e83-085c-4d79-b177-d666754f3cd3,RANKED_SOLO_5x5,DIAMOND,I,EjmfjfNwKUSaYBXH-4VwencPs2958GEQG7TVyGg1Kdbd2XQ,무지성한남미드,68,105,93,False,False,False,False,,nB4eOTr_VnSoNGnwYu8KDbvsSyqV0haqSSZuPFsHSYZ6hFrJasNmRqafAzJ-CTwHRu1ZqVvE5kR05g
7cfc6b14-dccc-4d8f-a902-a4dddddd6d23,RANKED_SOLO_5x5,DIAMOND,I,VuMciwzITEsML79t2BEwTh1NCXijIa0qFSBal4T0oMb0dg,margana,86,60,57,False,False,False,False,,I5KZGgabjqbGMphLasHwvN1rpFk_ruxbMwqwJBa4jiHxORxs83YxpJL9s41oieDnpJk9QLK9ldj_1g
b23d17d7-a8e8-4e02-9eac-7aa90361b149,RANKED_SOLO_5x5,DIAMOND,I,EWPwMCa48XuAF0f-S0_HQiAlYSKwMne_y5nCswcAaM2p4ZE,양학이뭐에요,100,187,177,False,False,False,True,"{'target': 3, 'wins': 0, 'losses': 0, 'progress': 'NNNNN'}",yNZw0KVNWOQNb5sth4Pu2tALjn_mRC5g3o_aOZaAwAWdmGgb3fW2oOA6vKSvkyALmnkbbgR3Qo2mAw
88cfb523-274a-4441-9522-e1ac12d2951c,RANKED_SOLO_5x5,DIAMOND,I,qSv79b4QE_E6vpXfsexd_G6R7Pe6DJcWN7fhKDRxlGRQbd4,원딜챔으로탑가여,16,523,514,False,False,False,False,,_Mw_dUcUT49PCSK8msCOMN0BWIjvAOdZwu-qx0whvCmMGkOoyknBgHQuoSsb5eSiXqT7bfJFliIDqA
f7aeaa0a-b290-4354-82c5-f060f410cc0c,RANKED_SOLO_5x5,DIAMOND,I,KU_xV9i_hZHLy8_ME9CpecJBRRnfg40wUABHms1pWwdvmA,굼 룬,41,482,474,False,False,False,False,,oSQ1r0h8BAhjVPZXHrmS-HmBRedwD3LdraF-LRyBoNwdqIraEwJ77LhBBntcb95UjPrjhPiarNrNjQ
533894a5-c9cf-4743-b629-a980dc9c47de,RANKED_SOLO_5x5,DIAMOND,I,5gF7etJ57lLQpC-4hTiXy74LRMe42Qk0a_KV0sYss0qU_NY,무지성의끝판왕,100,494,418,False,False,True,True,"{'target': 3, 'wins': 1, 'losses': 0, 'progress': 'WNNNN'}",w2tCsUANtehFG4R3VP9peJDBbaxSxA8wMMdjpfGQ1C6GkOePt7UpNIgrsqzuqtYu1aeSEjZKN0mFtw
57277155-56bd-4042-8c9a-ce4d36d26f63,RANKED_SOLO_5x5,DIAMOND,I,mmJXuWXrhizdP736LC8ikX8PdD4TtLjYKynNHip7J2hpew,bagner,16,86,70,False,False,False,False,,RraIW-8JRK-GbqkwpcqRkzwacVYJPRp22M8tri2YS6ZIQcbA-QawjH5kur8pND2fhvwgpiYFsud6hw
4a17750c-58b8-40ee-aed7-6803a6b447cc,RANKED_SOLO_5x5,DIAMOND,I,xMHPCiG_ke4cnSLE7KC8NSyNheD1ICeEtr_NpOpNWXg1Gcs,어린 왕자 3 ,0,171,141,False,False,False,False,,L2oOUJSN2VorN6CGsHsOCmg7Nvp04m3dRop5aWcI72-pyxZCFqOSAsAatzdG2EUfeq3CjnSPoTrSxw
c504bb3e-2a75-4859-8387-c3b5c4789ff9,RANKED_SOLO_5x5,DIAMOND,I,_XqJUUlaoH-j-FjYZbZ2K-QbFKSgTMlKUk_8uRcIihJc9h0,게임이나하자제발,19,123,122,False,False,False,False,,dnj04JxoWXuVZdHeC6MwSwCUlkkHxmTEbn6rUHNFxEd9mWtBgifBgmOz-BZ_5TBwN9aatFA17y7ibA
7cfc6b14-dccc-4d8f-a902-a4dddddd6d23,RANKED_SOLO_5x5,DIAMOND,I,LI9l-_5KL1Z2DBfW_Um8m44F4ET_fexd_x2wy99f6zF7KPI,팀운망한벌레,1,270,228,False,False,False,False,,1A4-fv564Z3_R-lWLE-PqO5Ja2blMxBMbyo0gB9HhrTIqrysZGsxG7nFBCCc6DExf5_-LMZKqcRuzg
fb98383f-69a1-405b-9317-51e9cf2e558d,RANKED_SOLO_5x5,DIAMOND,I,RkmDfSSoSeX50ISTAAxTWd7nZz6F1TidBjfJOpWJMwA1HF8,구근머머,100,1045,1029,False,False,True,True,"{'target': 3, 'wins': 0, 'losses': 0, 'progress': 'NNNNN'}",O_cBN1AdgQ2BX1iy6BO18LDuVFcmrGQPWM7i97gbP3bpKwqTo7KBrQmdyhnhn0E352-EUNOpZ8ep2Q
6daf805d-a54f-467b-bec8-b8980569e2c8,RANKED_SOLO_5x5,DIAMOND,I,oSadw51ZR57FUjP-H6bdFTdUwAm1bNTDAdFbXVK5X1iHgT4,리오에렝,22,322,264,False,False,False,False,,pW_uxBzhJIH0iWumhzOVZXpJrkJ3XLuF8cYLlae6rdQbuZQ4E2a3WyI7B5-PiZY6yT90f1O55Wr94Q
563dbd94-814d-4ccc-9b0f-d28c252149dd,RANKED_SOLO_5x5,DIAMOND,I,MvagiOsQQQ1zrbx-CHCXA5hGsjLBXVNqwFBp41MmtzD6TbA,다죽이고싶네,0,215,184,False,False,True,False,,LMMc1y7ZG-bQ0z_HIBY4Ix1BXkPr8vbmiIg6nx00HE2mXRrFCJ2ahqZa_0vMtZG3YqCMpFfT-WbPqg
cb3d33b4-fe62-4e5c-909a-1b74d93e6342,RANKED_SOLO_5x5,DIAMOND,I,byVfuKHzBxRn6bws7e60tTtTCG7_OEnnl0PhzYV9C57WZw,KT Cheonju,90,127,97,False,False,False,False,,XOYlDGFfg7PHXEx5umOilnpl7nolfxOO72s14MmJnF5lrf99qFKVXyX9AfkVwcs8QG-0llnwThuJQg
e87ece2d-1076-4029-a2fc-e75cd6eae6db,RANKED_SOLO_5x5,DIAMOND,I,k6YbcwVP9P9QDc_iADCd4iroCuMvyeus_RmemRbvTze56SU,kiII shot,0,342,323,False,False,False,False,,QMW10pgQ035EfMWNLCG2-mbMpmkCSuMcPac4XWlVfm1csmBe2un1O0Gk3yvLznhr9wrxSQjmhzt86Q
176c8f6f-99a0-4068-b1eb-18440031a607,RANKED_SOLO_5x5,DIAMOND,I,xLloE2085KudWUxC_IQIzP6Ojv_4Ol1qbN5UYMO5fakPQkQ,천사큐리안,100,1291,1219,False,False,True,False,"{'target': 3, 'wins': 0, 'losses': 0, 'progress': 'NNNNN'}",wdRxhDR6amXO5vzDg648ze7myjIVp959XkyL_z_AeHOBvAWh-joXGpsOnqXP-0MSw6qFo-QV7KPLKA
50ad6967-70a5-4c05-b0e8-a3e236d76020,RANKED_SOLO_5x5,DIAMOND,I,plDQ8KJkLGSmJZ_-4MJ5KR-cmD2iSl_-uK22WGBb6pd8nV8,쟝 삐에르 마뉘엘,65,169,167,False,False,False,False,,6Us4tVDs_ZEkUzKFLoJUG6WGjCWRR3migny3vjhMI_tiARhxw52eSiG7jaH3QtlcqY_SSgVDHgm8Sw
a4d88702-d37c-4aa1-bbab-52986c157412,RANKED_SOLO_5x5,DIAMOND,I,QYTI95-C9n61v8qyehfg1jlJOxFijjPhjlUB7WSujkIpjyk,38  25  37,38,119,92,False,False,False,False,,2AAtwtY9C_WM_969VhVMzrfut8XHuiOFH2n9nIFrCRJl4SiyGQxpJLexYIDqGkXgJilnhnjEt1e5Hw
d3ac32d6-627d-4d5b-b51e-7bdca23d54de,RANKED_SOLO_5x5,DIAMOND,I,yU-3N1jfwhUzByQwjM3QWZ9QC_3XSzgt4OGOW2g0C2yA5x8,JustLikeThatFan1,45,194,168,False,False,False,False,,Tmo3v5z7zdD0EYeFfJK5HG6Ffr886k1g-yvUXgibWgHSBTmVKKfJkqVEC7y-hlgUjmPNgEuPn_j-Cg
bf41d368-013c-4f9d-b3d1-d26568c71f0a,RANKED_SOLO_5x5,DIAMOND,I,GJX6HQZeZeNTWrV0sCuS40tueyCCHu7ZBTb7R4enT2YJu34,DonTKnoW GG,3,446,414,False,False,False,True,,U_FIs3E4w3Fs2DxsWgH_S7N9_7_626YQx0iZLT2TywjGM5QEqGsOC1TKYevKcjpmQOA7gXz1I6B41w
3417f549-857c-4394-b9fe-feb7ffc633c9,RANKED_SOLO_5x5,DIAMOND,I,sA1FOW8lJ-4FEEjQr4pi8kuonWJ-5Dvr8tJKss1Njbl3xks,헤으응 눈냐,1,141,131,False,False,False,False,,vNw2-KB8cW0stpf-rNjbCOdeCUguJDEz1Xp0QxaWhK0YhuMxTHpJpFY4OIMvVrwFaPyQCng2CnUpag
acba32e7-ee2c-4d10-8668-c80d3ab56d0a,RANKED_SOLO_5x5,DIAMOND,I,EbvAE2Qe7qq6p5vuKrsfJ5cb8p1jl3C4j4Covg_3_bnT64U,Busmeta,19,216,216,False,False,False,False,,lR3Cc5liw-r3q3P4GPJ1WzOXwNO5KNY2ME_EKPkyxT8dKxL5eCK99HkUNQTPrUl99W5zZLg57kjQCQ
7d703a98-a7ad-45c1-ad3a-7f5bdf95d009,RANKED_SOLO_5x5,DIAMOND,I,lgkEeRwGpIoqAEGRnu86ioJf2YNEDZZe79Ug7UXJPAZDtvs,그렇고 그런 사이,3,241,230,False,False,False,False,,DTNURI62lQZPuJvstqrw2quJjzQUyqpGgosrj6u6i44RLNF7C7sA5cDuoTiyAp3ZxtyVr37g7zkO2A
1df46f3d-998a-4731-9c53-b595ad4eee09,RANKED_SOLO_5x5,DIAMOND,I,qmsx0yujQe2aEic3GDWF3txpWWjyOOBjtuNGRMa6oZHmjg,Big Cherry Pye,0,92,63,False,False,False,False,,muo-INMF9zOt-RW252SX1bc8dWQ1SUwXpGfXf6uYR-LemNks_CDptJV4dLb7zaTg7CcyaNsVXtAojQ
2c911199-5833-4cea-a5ca-43cb53fd71d5,RANKED_SOLO_5x5,DIAMOND,I,TSRHBj-QJgAvibPmIM8ZKtfF3xXluzYItdy8N0-f1a6NG5c,강키코모리,25,38,26,False,False,False,False,,1jDwXOeIMsdz-wuJZOdu1lbUZF1OPjw844t-Eu284bgyNZrLgYEAb219iNvMDS6Hxwn743Jz2ewG4Q
72083162-bf8e-4588-82cb-0915ad2e8d78,RANKED_SOLO_5x5,DIAMOND,I,eAL_pwZqijhViFAfGAvcb9k-ppUKh7IjFXhbTOSkFQKgUcA,뀰 디,9,368,332,False,False,False,True,,nYSnwGnQj6R5pvoHKx2voi9eRociK7BCHdi73X3pIfnrqc2Qb2Ftq0yu6LMf6X-VcdnVQDSVzJKlkg
b980ff64-d151-4604-a13e-b34babf60c8c,RANKED_SOLO_5x5,DIAMOND,I,861UbLfzTWbAWO4-bMwj8PTGH2XK4wjWARVuISoAAhl8xbE,E편한티어,19,67,53,False,False,False,True,,shVNYdGY_WtR7Tc11fvz5wSyIzIEO8oiXoWNaeCs7IHCQ3J0nuktOQ1QsbQhFkr8gCNk8_X0Zky4LA
841729fc-7765-4e72-8d11-2f9da5102968,RANKED_SOLO_5x5,DIAMOND,I,vQWrxSbzS9iNkDWPuWti1VqFSJ_U-AGMMtiYrvtadgLUqd8,도구탓전문장인,19,198,152,False,False,False,False,,-a8ydevXma7-BMSWIoclTTO_Q7tLxv6VHezuDEpKDTEaRJLgrrzggv-9zu5Gi8r5mGkqf_c5ZPtpoQ
5d6d361f-c049-4b08-ad37-40d58c47d731,RANKED_SOLO_5x5,DIAMOND,I,Cb-0PtRaNAkRIA--pHqll8XcDajFLr7AcXmmrJkLvpGHDQ,Lusted,19,159,117,False,False,False,False,,LRlTh43qfNVcxiSbbJLh5OWSFjdsom7Ay_UG_X1C7LfDxMdlh93H7ief9qwfegg2cgxp3jKoaeY0-A
f20579b2-ffc4-47bd-b800-4488c737b19d,RANKED_SOLO_5x5,DIAMOND,I,NGN1ho8XGGo5NozI1rK9OvTcDbi7PXzhBR316Ed1Z-FMMw4,제라스애착남,69,70,40,False,False,False,True,,VOdfhNnM9SAgoC4-oqfgQ_KcXVbZ0KVfzBWkuRipevx034iNRp99x6VH1hWVl8DSf8fl-oQPrPlkug
dbc976e9-507a-4905-9dc6-c84438e71bee,RANKED_SOLO_5x5,DIAMOND,I,C2FeYSfBRMlEXhH0HjGGat1uZmwenQVpLEa4JzMsPSRA1Iw,카스카,5,119,88,False,False,False,False,,8TgMdXoLRltusMEtDjYYy47h4QflowZoncU81-mrK0SiMF_ZQX5lu67kHI0oMe1hGANUEc6N5jrUTQ
32f93462-fa60-4de1-84e4-7261b681bbad,RANKED_SOLO_5x5,DIAMOND,I,1k6pNOXCW5cBKY_OPDdUXWsHUQnhmCwZPidSNIKBn477ANE,섹시 룩,58,225,217,False,False,False,False,,kvKM5U3RMZbPYuQbQgF4WEW04SFDOr0fSMrfl7WjoceddZpPLYhw1LfHaG4Uj_bSGiwGGrOlx1ACfg
d326afe5-dbdf-430d-b6a7-2961cc919199,RANKED_SOLO_5x5,DIAMOND,I,cUDC-iPTVFQZrDOEhpECkJTKs0-_n9HqOd9qUh5CABNBkGc,플빼고시작할게요,75,302,267,True,False,False,False,,C4ucgKvtsWSZMlf0ST0WWtP_W3w0nuYxLYiwgxnmXWq5cFmPe8qMJuAlcA0mrFl5VnjGEsDsQmDMmg
914bc42f-8ad9-4bb4-90f8-db73f632466e,RANKED_SOLO_5x5,DIAMOND,I,ca0pEYuaW4Shd0p0vBOe3eCM8EXLGqVNPF1sai24sV7RHTI,혁 웬,33,320,307,False,False,False,True,,UiJHvuzWTCos5dHYY3FBUnL4sPhp8ORqmuq6E9mkFN9nPyue5U8sRlJqpqRIs-tJhmXZK7fwyVhPKg
e6d69db0-b612-491f-b43c-c2098181e4ce,RANKED_SOLO_5x5,DIAMOND,I,bu3LLWLZWEC0uicSt71zhnPD2pmZNu3KMCb0MwmtpWd8w9Q,lovabley,75,114,89,True,False,False,False,,dE-WP05VN_q2sbkKZHBDEXCaMzFClXuVC4AZQf5AA6k0lbp6cGPvW9VsSQEuwFkvT48cSTCJtHFmUg
8327428f-6d8b-4e08-ac96-6aa5d537e5cc,RANKED_SOLO_5x5,DIAMOND,I,YgeJzyzrpepo82l2IATGF83UdiFXBIEflo8_CAVDiNid4g,쌍 매,75,145,117,False,False,False,False,,mxsbWKVfk7mDS78hOqL1qr9yLZ4jNNX44plpjaFucDWyZGfEQNykV5uxdmzWmwQEi-K56rP7W_l7Ow
57277155-56bd-4042-8c9a-ce4d36d26f63,RANKED_SOLO_5x5,DIAMOND,I,XgLV6EXYEP55eACnLWy-KPvKpuW-wW08k8QC4MfAHGlTk3s,은평누타운,0,98,65,False,False,False,False,,lnuFOyERDgzrdz5F33NTf89ue_izwmZPrcIEmj5oSCRWrZxBPYqiLZyo4dvEbtkex6qTRKYBix3mDw
406d3ee5-c1e3-4537-8fb1-ed5251c1959d,RANKED_SOLO_5x5,DIAMOND,I,V8sEGPIAsUI77-hvZMwoaLd7FAQY0Lz0UMBRxRhcU6ROiyc,4isling,14,371,360,False,False,False,True,,yYVRhR1DwAqo9thBDe8TUOKZ_WSNvLB634a4U1-udk_qyyQRrCM4nzxjFqAknOdrWSGDIku58iHKyw
b97233c2-38bf-48ea-b3b2-406050882f6a,RANKED_SOLO_5x5,DIAMOND,I,C9mpArx4RTHRmJfzkOs8n2lTwB2YjUrxebBxaN8MZA-2Lqk,귀여운황도,60,105,47,False,False,False,True,,7teKoKsnvXVRbKAz0bTxtNoysro7A-Lo1BS29_CfRpHr6NIZt3vQUC9SVzzsne0is2dUlFcSPJi2Rg
4c45a209-effc-46cf-9255-7d834dfb2f37,RANKED_SOLO_5x5,DIAMOND,I,jbWj4ciVRac7SK-jDUO5OKaHtvi0dQfuieD8JioD5F1PHA,대포잘먹는아이디,34,454,406,False,False,False,False,,GPquvv6ABV2ocS4ctj-JrN3Eb6MGCU32XgNC0i1mkyBsylh6vcx4oMLdiXL668ScQDMwqEPQGJ2FEA
64862e66-4d0e-46f9-bcfe-2c69a3c93202,RANKED_SOLO_5x5,DIAMOND,I,qKYakHzW_Jowlb5Wc1dSjpZ47j3SWOtQ0603yrcwSsradsA,조같으면 박음,49,548,552,False,False,False,False,,Dzky9gjQiuy2uYLTS33SUmeIrZPvyVIvnhuHDKAwrrXi4eDLkyaIzb8Vz1PM89_1uBlmoDu2F7yLig
25ecbd3e-8ac4-4d46-ae23-11af46f47857,RANKED_SOLO_5x5,DIAMOND,I,ZArtZUPJP8oYfSUNipFqsvlYePShLAHbe09q1GF_9NcJUgc,설 연,29,42,27,False,False,False,True,,LLkZbGdLNK1_chWGrVu9QZegzgRLd5Nj6Xrw_drzRNB31XwDOZ9AYOutuvQXBRZ6Xehg-IOFtfwuoA
1ea7b93a-877f-4fcf-b21e-5c90657d879c,RANKED_SOLO_5x5,DIAMOND,I,bWWuVDrUeiRgCYTYfJDptOv3MWaqYVeQKc5pRHzrBts73XA,렉사O1,47,489,473,False,False,False,False,,zAyrfz2HSctUsQeGcCdDkMJmkDqhfwTNUa9p00JAatoTcbfWMQgAA1SnRFy2Mfyju69RKNZTNC9vNw
53fc415e-b961-4f32-bef9-5fb4d942a62f,RANKED_SOLO_5x5,DIAMOND,I,yBTVh3-N63Rykk7p8piiQcgTBs1J2H8yjwUWqb1YtcefHcI,무언가해야할나이,81,199,159,False,False,False,False,,CE8eYexMTPL7OBirYXfULxzTzfPUYdm2TXd2kXC7Z0XY2d4HJ0zZtl0DX4DZDr_8-YxMh1hwyZdjqQ
c03fb82b-65e2-41a9-b912-005731a6b437,RANKED_SOLO_5x5,DIAMOND,I,TQaE0HNmT-VPo_u_ko-K_wg1LJNQ8O-pMo4Oz7J8l5gdbw,자비란없소,23,91,92,False,False,False,False,,LGtFJ56Cs0r7nBhn9feHfNBclXiU6hfo5SBALKgjStU5_KKuCon_gAC2VlQ8-Dm6J7CnXhBZI8Uotw
7a0dada1-1e79-4648-bde4-8a64a0ae25a6,RANKED_SOLO_5x5,DIAMOND,I,nt4cIKSM1yvv7TQQ5qEkT4v4x-bwzvt1FphSA0zB0nHyyXc,언제나 활기찬,1,123,113,False,False,False,False,,xWlRnpxUwpTdsNLsACQ1G3J8_37WvE-vEH0x54gT00SKjBEi7Y3j6TX0xJoAC4I5wtshDpoel3jwDw
28cff90b-6112-4818-a00d-606ed24e9352,RANKED_SOLO_5x5,DIAMOND,I,eAAdbfVqTI_LLBmlI2DJVgoR0S-SLzuHV-PKr2Gj8sKggNY,우번개,8,318,316,False,False,False,True,,9KGmDkyHidD7CY_ojsZaAJ3VbLWoziJvqqR56p8qPRyaUK7mgA5oANoDXUAnpNLQ_eaJ0sCojAKCVA
a115c707-81ab-4ca2-8d20-d8032dfabe6a,RANKED_SOLO_5x5,DIAMOND,I,5MhkZ3UdkpiWIGwiQdaYkMe-8mO9H6Hkp03_Vh4r0QfmQ8E,Afreeca Sangho,100,48,41,False,False,False,False,"{'target': 3, 'wins': 0, 'losses': 0, 'progress': 'NNNNN'}",o9yOkk3m61bekxgjUuor42Pdifv6ZxN44eJeza3p6CN575_X-9TK0iqbOuJfuDbdy1QCPn0Ac3t8oA
b263dbdd-baed-4ae1-928b-b78ffbc15c09,RANKED_SOLO_5x5,DIAMOND,I,ZpWcQTxAMKTLF1AZJ5SVI1jIXjuKjItEVHbYe5P2l3c_GNg,밤 비,100,155,109,False,False,False,False,"{'target': 3, 'wins': 1, 'losses': 2, 'progress': 'LLWNN'}",sxHXUM7Fit9NwBrqjDyxMP0GeQ2wg_jR7uR7dkOmV9ovH_eix9Xe5XX2ZG0lpTrI8-BQlCT3AlFH-Q
e75ab785-185c-4792-968f-286a02b7734c,RANKED_SOLO_5x5,DIAMOND,I,XFVoQFWQUkuj1SF8knFZLfd87wKKES4UmYI6QVsIcR2uhmY,기 혁,37,689,689,False,False,False,False,,Pb2rhNRFxAYksgzocclI9wqGZglBbz8xry-oPyp_QxD_220GUUulPDLaleVOywy6WHIZzL3-Pn4KoQ
6dcbac67-ab3c-45f3-b2c7-23c2ae9bb4a8,RANKED_SOLO_5x5,DIAMOND,I,9eJAKXduv7R5ixUCaBgBabCEf_aodAsFfExbWVL1zhilCvY,이지훈의 주인,0,230,229,False,False,False,False,,lrI2A4Y7IkNppMJXP6tH3aqBwiGIHjgnDW9iBDJ6AG6bTjmBkyE38tE98Xv2lVU6LUrTu3xyG8rgsw
61e7d906-6cf1-4ccf-ba8b-a40c686856f7,RANKED_SOLO_5x5,DIAMOND,I,RPgagaOqhx5OiW5ibtrlBvxtrx7Fxuq7W5r8EhbM81zZjw,한화투자증권우,13,369,339,False,False,False,True,,Q3VqAtEwedIBT3pDDZsPba_g4xg1vwpB0d8CXAxe4fvfNe1oqxiV19ePBBESdZvvF5vvz4lgIL_HDQ
2cd2950c-6807-404d-9498-901f5c4de40f,RANKED_SOLO_5x5,DIAMOND,I,L5n1x3ZCELH1bI1aSvxHrfZwkYeMynji8hwCGCIahh168Dc,쭈쭈환,18,174,173,False,False,False,False,,KfQFAqtpox1fFRwNlWYZYV6xA8HelcG6-rf4zZnUN5Wj2uXgfQvvj4sef1eltWLTL3UWlfFkL2iFHQ
78102c1b-0f21-4e86-917b-3ce838763af2,RANKED_SOLO_5x5,DIAMOND,I,NRWFH9jyy-J28cpo_G84e3pd-Upp8kNzdVVPOFuAj_B360g,언덕위의 힐다,20,468,429,False,False,False,False,,qu1x-79jimspKMQJIrad9vMb8f9HykYpxIAuyWJ_SqmlVB8pNW7oQF-WZuI8dRrzmnolU4mTYV9uAA
325f03af-950a-474d-8147-66eaa5a4c293,RANKED_SOLO_5x5,DIAMOND,I,sBt9jzEK-1QAMlK-x30bxFV_Ju2WvhTrevKMFkiNHVBHJiY,Hunjeong,91,132,109,False,False,False,True,,7CRGcqZvrTiphgQhHtTXSYPsEfXDauOtC3e16fQhlduqOCFfHNbAtbJEtKnkt_cxgM1YF5uEFKKpig
6d3c7e83-085c-4d79-b177-d666754f3cd3,RANKED_SOLO_5x5,DIAMOND,I,4QWt3LlZHY0uWd2AVgNKp-z-T4MQX7ib3_rKpm-hP3nb2SE,허니버터 코딱지,15,224,199,False,False,False,False,,Th74Opm3xelzgsS1Ca2xyn2-caxXhquj_2RU1iPrB56-S7NFCFZPoAdqeeSm4LKRqKWUCI4v1MK4Rg
43f2a945-8c5a-46fb-b87d-52e51c283551,RANKED_SOLO_5x5,DIAMOND,I,QuYjmOSe293Ia9NbIRQnXzeI9RMf3_7DKFlmscOW4Hrx9nE,정신질환유해게임,14,123,99,False,False,False,False,,b8e84xNfZVcb909azuR2QXVwAPbHEienibzTGwgaRlXAdg8c4zHLgVMg3eqeIPArGdyPxPGFtEQymA
3e3b06c2-e385-4b52-b694-f0c5cf93b027,RANKED_SOLO_5x5,DIAMOND,I,1a2tD0qykLZpONGjj0oeu7wqtr-Ly5hMHjTZvfrwYuhdSx8,DoDi,56,399,340,False,False,True,False,,tYggmsDc24HvXGbXQdhHfw3fYUydwxhT8YObzIZVSQ9vWEVnWuxVY-z4QESx8IvEyKUilzPqLOWkkg
93ae6cee-ddd4-4ebd-bcbd-31afaf2e1eaa,RANKED_SOLO_5x5,DIAMOND,I,jN6z2MDaGJg_O7pXgKWz1ln1Lvkt8_Me5pDzUO3Txg3QG2M,팀을믿어깐부잖아,63,651,571,False,False,False,True,,DIOZJkFL9DjPxyVpD7J7NXEGPou48CZqQVGZ8osUtyJu7Vm8DxhQT9ZFFFlexdhz68mxysWoJQ9yOw
6bd15d59-c5da-4ed2-868c-75a0a77cf6dc,RANKED_SOLO_5x5,DIAMOND,I,Qx0x1lR-tSWIn6SDuki7KSwlojcXBuyKktb5g2-NS39lNVQ,자 핀,46,371,347,False,False,False,True,,ar17sabsn_F0ps86GX8dxAwqLVR-AuQl6q1oVgb1RZp7wZzcPgiLWKDIdXp2G1u_kmEDZNHWwK5yDw
6e97670e-d418-46ed-b5f7-8ece62c81bf9,RANKED_SOLO_5x5,DIAMOND,I,jdImv8sUgpk2hnm406ThdA7btaLJwVtb8FPJHGbJg9nEgg4,qfu,75,232,210,False,False,False,False,,IF948qnNjFmXKfYKMqJOdFdX2tjcjpBGSLGOOMROpUCYHWiiPiKbEPZZF0e3q1qPECuCQRQUSsKCRw
c0c951d9-663f-42f6-bbf9-bce723a8d0fe,RANKED_SOLO_5x5,DIAMOND,I,fVIO4TLpL4vu3l1cCX-zWx-JX7wyE5RW7O62ebYmlvjvd5s,거울치료법,75,298,285,False,False,False,False,,S2LgYz0qwtFyVf6EZU3DRmnW4HOtVEM7T7semR0D9ao3imoKx0wZrnbtk_oUjM26Ac1aKCVMeuk2mQ
df36ae52-281e-4ea3-850a-29a7adbb0a7e,RANKED_SOLO_5x5,DIAMOND,I,Sg_50Qc2pg-vLwG7ecUiFXUqXGWAVzbPWh4v3YqZHnddq1A,팀원촤이,13,313,229,False,False,False,False,,ryCImyI39dzUVwNOgOcPBtozySb9Qqx2XWzKqOgqq2lZqWseUVw0AG3Vmwd8Uz9xrXIyzsrLzX0n_A
8dacfacf-8b36-4c2a-903a-190cf0ace0ef,RANKED_SOLO_5x5,DIAMOND,I,BWdxGCMhRpb-poTgmLZk9sCfWH15h08_jqF228hdO-pHX04,Eva Na,84,36,12,False,False,False,True,,vIGzJ7S6QaGAqp_1zZ7HoVQTLXS4JeUpXGtde71nTTxCHp8pFmCIvf4-2kxyqfAqKAPmrsCnlDARPQ
5355edec-77a4-40d8-b556-00522c1b28c9,RANKED_SOLO_5x5,DIAMOND,I,XFod_J_IHYDTLR0OIrpgxPI8i_7D6JAP4TnIAALsEyjH9ho,정글 버스라인,64,95,90,False,False,False,True,,2HLdgdPz4PBby0JrM2ydB42ZpyKV6-DQnJDPlJbhnMkUXFnV2xuRn0JXG8xVJBU4bYI6bTbhuH-L6Q
8ce7f33e-7a64-454f-85b7-7100bca0f59d,RANKED_SOLO_5x5,DIAMOND,I,czw0skC9jlbF17mxH7fieFq1zuvwvUGjEhbCQyxfmGtYTRw,군 뽕,75,63,30,False,False,False,True,,eqwZPvx2AWyw4B-8kp5_MOAt7IzX7aLeXO9X2ssSNn3q6WgzP2szf9OYcFRXhbjfsS4g3RFtMcjadw
3a9a5328-1ede-4abe-b3fb-1ebb7447bc20,RANKED_SOLO_5x5,DIAMOND,I,NFoawNVksNZ7_YR8VK2dXUJj4GgvxqAAnd3mbupaoEiqX5M,2003 11 25,83,271,235,False,False,False,False,,CTHEwyEYqtivEaGOmECddbPo7JtmlkpxnTHQp4hUr0yEjkHzS4rrUULdjnP5wMCXubib7wqgcwU9Tw
3277cb52-d0a5-43ad-ae26-e9e863d6e4fd,RANKED_SOLO_5x5,DIAMOND,I,CHHBebcwUdR5VQ0MWpXqFGCPNY4mwSN95YXWhWiHL0Ywvrg,드랜드,1,277,235,False,False,False,False,,RMHQ57MoJZs0MHtFf5Ovbb28gomiBGjnhiaZ7GYcKgcxUm__t2-jtony1cQ11pArDKBxOYcnpwjXjA
f0a4c771-fc30-43c9-90fb-1d31bbe4304d,RANKED_SOLO_5x5,DIAMOND,I,ZRxYBKiY3A4gVlhqzw4L86VJKZb1xApoY-zl4ZJBab5aojo,Seong민2,0,203,164,False,False,False,False,,sGn2X6xMNGuuR7OYa5F7WRMsd0cRE3loUW43ue6nFxWQKHR2VNY0Qe7-4TNHH7KAUzNWKYVTp0qJKg
397ab7c2-47d4-43d6-b628-bee6b2fb1f50,RANKED_SOLO_5x5,DIAMOND,I,5Ne4mpv4ay_Czfi70y8Eun14zvnGQletXx1WgVnuT0Pe2Vg,weishemezheyang,39,315,296,False,False,False,False,,WiYdAS-Q7XXKEw22xtgj4ENH1FFRev26rGFYug4AiNJt2-kzqJ2zvGBHMCijSiD9H-bORv1cpI3YtA
5b616eb7-ac24-4358-a1f1-3b42cd617144,RANKED_SOLO_5x5,DIAMOND,I,afOVon-5QXrJ9p4CraxqSR273P2san1DppNaxh_ZOWsLTTc,종 규 ,12,193,109,False,False,False,False,,V7fk_HeCb69Vtcyph49P4LPBNRADcX0cmqFHB5Io_dUYnHvUrrPt961xOydSAc74QW-LFiCR0hopIw
fae0f052-99e9-4d74-808d-5c571430b4af,RANKED_SOLO_5x5,DIAMOND,I,Tky2EIAqE95eoQvEwTaTcb-4oSDGYCwvhYptaOSln7nX5rE,감우지,62,206,165,False,False,False,False,,M1QqiIb33b-m567noDoZle7CX74RUW0XN6qCoiUzVK8THJBoSq1Wr-0l2kcO0wBbIbr2LkWOlnUUog
699edfd4-63b2-4755-b8d5-ff360e1d2451,RANKED_SOLO_5x5,DIAMOND,I,X3bPTSUk_-WboDo-Pf6uBoD5mz9Dmmsd3aV756XVnlUB2ZY,Kkieeeek,0,371,353,False,False,False,False,,rAd_mW3DC2BAxH6ktCDJv3SBd5z333FxmHbLxb-hbt3x1bZicbsl9A_bKq4u3N6nKDdZ2T83-rjHSA
dd05973e-be25-4479-bc6b-7e362a257d5f,RANKED_SOLO_5x5,DIAMOND,I,f-9V52L0kH8dUF_9Yk5nr7ymlvIz3z8Ux5K3X6oc3tRDjuE,삼중인격,9,215,172,False,False,False,False,,M4gaJCD4jCo8MkqHo8MFk5boyN3CjslYlZLvcosRQzblFzTAwd4TjOJE7QdyrpUol4d1xkFys7KkXg
6a4e5dbb-fba4-42d5-8335-d23a226ca477,RANKED_SOLO_5x5,DIAMOND,I,k0w9Qc7N-OpMmYZ3eLW6HwJ4Dg966JN4Ub0J5Mv5Qd-xQkM,울 게,50,444,450,False,False,False,False,,E3OutpBB9a9WuLSUKlEosZcVQkggL0Vmow6DnH6zhNA_x0KqVZDYyMQoJR53OKupgIgvF-CDUObLgg
9cbac967-be2f-4a0b-9030-91ebc98e4288,RANKED_SOLO_5x5,DIAMOND,I,whbmoo_LNdx9pXNhR3qH9zHBGXJ-S2n9C7yQiKbw2Zr8qJk,룰루고기,10,383,367,False,False,False,False,,PG_7IF8EHYTvtcDz-eZj7pKfoA_XZWv0iQRoQ0IYSgGKtWhXWxuINTEydhv3aNVjwYJuXW6R9YAc8w
f0368af7-af0b-46eb-ac7a-e020217a0861,RANKED_SOLO_5x5,DIAMOND,I,33eVbY4O_c-_t44RvHEcXHWjMvErEtylVi0GnzkRx-rN7AA,현이님 돌쇠,77,579,565,True,False,False,False,,DfA9_KZaOjCwXqQzll8A58LycOM7skTCfprq-q4xe3j2K4WLU0w-f3tS106JRPRVAiCPHuQ16RoYVQ
2bf9721a-1b92-4993-a6f6-c00a9fb5cc47,RANKED_SOLO_5x5,DIAMOND,I,ycaWCWN3jWdxuLxraV60d4FyAvW6rI3bPwtNMSox-KNNJuE,Dolpagu,16,134,90,False,False,False,False,,_JyUFkQ-3S75QeWlm9mhrvy97-BGYii3exFLfs2Ey2uAb6W-MYY2g8ay2yH1ykTtsf36le38hq35EA
3fd5c890-d84b-48a7-a5a9-0a36675a5b98,RANKED_SOLO_5x5,DIAMOND,I,AK1c3Abjsef3gF3PdlpWSAQbXlf76D3f9VomHyZePg7jPlA,띄 뭉,75,287,262,True,False,False,False,,Hjfwy8s-HM6kNgR3zXwa-U2cj_LYn1QfP4rx0R2rle20jfjoyZf2HETV7nLdSQRaYovBV1c0MGCupA
f0368af7-af0b-46eb-ac7a-e020217a0861,RANKED_SOLO_5x5,DIAMOND,I,zxNYxi9WWL9LK0UnDYKeZ252xfEE2693UIFrzMBfIiALLaU,보기우,61,220,181,False,False,False,False,,XIlx-d5X_18Ehn_q6sV_CBXABC1Cp6cgImUIWIc6Agf_E4J04zft-R_50GrecMQq5nAU_l55bO_3rw
6a4e5dbb-fba4-42d5-8335-d23a226ca477,RANKED_SOLO_5x5,DIAMOND,I,HCVVTI6GNWvRbpN2gF4ZllkXaKsJMFJyhSCrR6hty6brAkM,사람이름 홍당무,1,672,622,False,False,False,False,,V8jL-BwfgnNlvZQ-eJ7P1EsNDGQcxYQURsd7L9vqyI7RrJoNVL-kLollfhIWP8sBFt0DnpBvE9JqnQ
afd4c9c4-0bb0-4fff-b343-189aeba7d36a,RANKED_SOLO_5x5,DIAMOND,I,bhw2Lp6Jm-ZKzLPVpTsK_11UtCHtOScLLUH9VexHxmcSEGc,혜 뚜,18,34,22,False,False,False,False,,hqhsuMGO-k7JiYOiaeSUy9H-sTHdB9l0k-sPPIJ-Whqe7P1gAoy7mSN_usSFIVxJT887yeEP1SlGgw
cf5f36ab-4b73-49c8-99d0-c9aefcaca8cf,RANKED_SOLO_5x5,DIAMOND,I,VVXL029F-wD8TAoe30TvLd7Q65A5GZ2NLLYm3mJMvOZ3wHY,청년김민관,87,146,147,False,False,False,False,,GvE7f2ZBPmLYcAJld66WPdKSbIgHbXaFSCvWG50Mv7HPLlopIKVWMgQ0zPz24mx6h-uni0oBUZRbvg
6f8a88f8-a655-45b3-8567-eaaf639cf40b,RANKED_SOLO_5x5,DIAMOND,I,dJ6N8LmHrYZFOLA3AXNdD8E-qYmz0TO_PAEfTEkd8KfElCg,잘부탁해 상체야,100,445,376,False,False,False,False,"{'target': 3, 'wins': 2, 'losses': 1, 'progress': 'WLWNN'}",i9_PZ8G2cPinxkBDM_luZpMnxfqtnxGKWN6oPnkXU0FeCOScWMOwS2j0sxWu6D5hN3kufMuOYBDrxw
ada800aa-201f-41c8-bcc5-f67c9cece738,RANKED_SOLO_5x5,DIAMOND,I,2URb_dwBwAzCkY_JlNNm86D5yvUlfZbgaQJDGxAkjT_0Abk,Ranger K,75,44,24,False,False,False,False,,S__PhcwgHG4JqodBP6E6aIprnq4yAttehRCOjvAP5ay1XzCAcPZZbhEc-fOFRvRSirxR7HeDGzJwVA
3cfef440-db22-4fb0-9a46-d2b98b4c6901,RANKED_SOLO_5x5,DIAMOND,I,CaHxdGgp4bNVIoc2t2IC3wYkdWgCnk0esE_YhPAmg08VHA,강지영,25,52,46,False,False,False,False,,v0WiPFJ_kWV_d1C5j3EBz7SvYvW82Hz10S4lxXOpL7gdFL_gKbd79JwsKk0-yYt9EQhiRuI2G4BGWQ
b46b9a11-449b-4bea-be96-c6d0cec94a83,RANKED_SOLO_5x5,DIAMOND,I,VSaXOFPdZysa26ZJo-l9cwbBizZJVM1eML1absGbZksiBhA,날아라피그미,13,351,331,False,False,True,False,,rVAaOEEyhlaRTiNylFI--9kQLZONyrgPxhi-J5ENVRFt41z31Ejsqu7oBC9Wr1wIRjfkIB0hl11reA
a02e90ef-4ab4-4ab3-a053-519873eafa45,RANKED_SOLO_5x5,DIAMOND,I,MclKIBnR9s6JlZtdjYWykRZ7Mv3jhJi_fuop66UTufxrihI,AIpha,58,79,72,False,False,False,True,,SEG9fSaWqnjQp74tWu4TA4knSbuOpYtqPM1avqJTlnM6m4xRSL7PfVVFIkgbvnX_fAkdqH5E5SiPEw
3fbb1308-7483-4cd8-97b0-476b19416404,RANKED_SOLO_5x5,DIAMOND,I,28Q5HZz0lYAOxq7qvKsFSAzHgJQAxXllu3Ff8No3UtUW8kA,내갱에넌깨갱,33,268,246,False,False,True,False,,gM0gBQcIDsEeqtc-Cqp0ihA5VUONtBabL-f4I6_U_AbRZ-8OFOepURLKfs_UYoWFElKcToBNIbk8EA
b4306427-ad2f-435b-bf3f-69c0c15d355f,RANKED_SOLO_5x5,DIAMOND,I,qoOcQQqpRs6d-s5omCdsjjHUZQSx6DEmXg7jXyWzy1x3Vwg,이기는방법알려줘,90,139,125,False,False,True,False,,8cfs5sP3MythWYNKHKdGp9yZAVOQ3YZ8sOBNOZ4t5xfD9NE90SePhydBjSy2KE4OiB4ga9tp3Pkauw
f0a4c771-fc30-43c9-90fb-1d31bbe4304d,RANKED_SOLO_5x5,DIAMOND,I,AIwsYZrNU8V0bE2qt4yx2Kn6ERO_k_XP123DEw_BHqc5vpQ,원주인싸민준,9,202,160,False,False,False,True,,mT5xfk3J6HRxH4-IzEf50Js9TON_0306RF_N9KdnluQXLTQdJKf8hYlERX_BuAaC5_Vv4BaLcug1Qw
06abdfc2-1d43-4b84-b9e1-d7fea848b414,RANKED_SOLO_5x5,DIAMOND,I,VVxrnBdyBr3Ew23_gz2jk0PeTvPu3Auhbw0LHPCrfVLXw5k,항상귀찮은사람,50,982,960,False,False,False,False,,y8HS8JIsZ23gzLtt-WP_qxBQesm_UHa2ad60CgPclnNmkCvkRKGcIiPwuUnzgd8WTk4GFHaL5LILYQ
3c881a0e-9d6b-4731-bcdd-e38abdac373b,RANKED_SOLO_5x5,DIAMOND,I,GwzfX3I90_8cv6YrUzkRH_ChhzB4Xgofli06M09ULug0Eg,라갈통,18,116,118,False,False,False,False,,4IXn0dQYnshXJdSoT3uf4K-bCs2X1hZv49-AAZclOGjekReuzep9WfsWneDLVP7Co0nNLfgkusTrfA
acba32e7-ee2c-4d10-8668-c80d3ab56d0a,RANKED_SOLO_5x5,DIAMOND,I,uGMbGe_m-sADvFIuEbQfsPIl5q-ODTCaWMTLUTO6wnG41Fs,주말엔쪼꼬랑산책,51,398,389,False,False,False,False,,t43q8QXYOFksWCtxcT-7cKT5LG4cJaCXC7jdM9gxXUYsObe3i8cLuCIN7CjI1Ska6Q5ViIRzXkMS-Q
16f22e69-7922-4593-8879-efde99ec9e73,RANKED_SOLO_5x5,DIAMOND,I,PV6njMTf7XDpTlywkeBRUfEAFzwyEFl1E4iMYbSjf5jXJ-M,Ad Veigar ,33,634,600,False,False,True,False,,2rZYZ6x5DQ8X-GUEemTMH-GggbkFpaVpsWGpajyO7hcHZ6YJdDGplmgq95hTpYNsrwzxXE-J1DcFWw
4a28de2a-68e4-42e5-ad98-fe1d90e0e8ee,RANKED_SOLO_5x5,DIAMOND,I,_k4DL1FCnfiIy_Z_zDXZlOE8uMXI3LZfUymxxR9jK_dAzrE,군전투 지휘 검열,92,396,385,False,False,False,True,,r1bsct0MGXCSZRDonxLuPwVRrgayaerOSbNnbkDJLNwGaV20NM1MxCTOA3DxNKDu5loarm8Qm3Po-A
5781660f-3276-4de1-aa88-30def9d9513d,RANKED_SOLO_5x5,DIAMOND,I,ok9SehnmhETdVdDCYFPUx6uyoDNkmfbrv0lpYtq3cx-_wkM,TAEKROI,75,503,452,True,False,False,False,,t-8tqMpKEtnj7ZomITRT6L1uFSJMbBHXBISGyuGQK6cu-LlIchWkquNs1e6GJP6T74Yz27ZPDyYiIA
311ff654-f7ad-4dc2-9b4c-3f759786a893,RANKED_SOLO_5x5,DIAMOND,I,CWQZFvKybVJLa5l6mp00TRd25E6zH6hzvezqWAMK-AKVIQg,LostArk1575LV,75,118,64,False,False,False,False,,DM25ayKugQJpE8Po6763aWUi_AfsZYRjv8M2ujDa1yf-xfKRlBoSVgNBPwphJwb5KURXk7Ke9Au-3A
a5180df8-5705-4f75-a09d-bf0c7ffb4a1c,RANKED_SOLO_5x5,DIAMOND,I,Y1GttWVa37NS7NtBFz9qMuNB2q7o34oZzksFFmvd1tUCmw,수영복 캐르,100,43,25,False,False,False,False,"{'target': 3, 'wins': 2, 'losses': 1, 'progress': 'WLWNN'}",ncZW5jkRFF_C61SyN6XTfd2zM3rY47XB72io5jwGxwY0Ev8bCFcPUaLHfM5qMn2A9eTGvCgvkQnDSA
3e3b06c2-e385-4b52-b694-f0c5cf93b027,RANKED_SOLO_5x5,DIAMOND,I,_9QAOCz4ivZjU1DK8ctkmo7YhbMxIpKMqSGr8XaJCBt6CWY,lllliiili,56,481,485,False,False,True,False,,LwA9dLudHBvs3dD_m8vA8rmenQr9PZllOkLwTHxugQ5_QVNEWLjMgF4loW_75MYzSPh-CkEwxofJDg
64096d66-8232-4d1e-80fb-10151a8fe163,RANKED_SOLO_5x5,DIAMOND,I,t1HNMNF6Vh9XteTw8Xf2c-xFs2KJnWITAKMClBBlbSgSW48,띰띰하당,53,187,170,False,False,False,True,,s6X0h5qh85Ruj_QBtlKxfC45Pb1mWO5nM__WSG7JQPbFBBqDzegJ48ZUj9QnhxnqFj9PQdDIqaZZCw
408f5204-a525-4c41-9b00-1bb23843aa8d,RANKED_SOLO_5x5,DIAMOND,I,muFnw-JkxYNUGnCqMahysJoOpTRXknIpQunbTCQ73bxr-HQ,탑개초고수,5,614,578,False,False,False,False,,7PCnVBVi1bWISjqWGSt2Zhuf2zSlQ3OwcsI_S3C1Zsb3BERkfBaF3bAEHlL8e1Yc_ynw6724yoifHg
7601a625-5dc9-4b39-adb4-c3d20df40330,RANKED_SOLO_5x5,DIAMOND,I,6g3CUyauArW5HqkM-oMsH4zP77El2l1C5fr1uZVQ2TCIxjI,밥만축내는쓰럐기,44,103,92,False,False,False,False,,UlJBlmE8izqHm9_fmv-hAt62q7uZfp5Os8aZFoOCUKEYb9KQVjh1Qg2wx8c2SFLKwFwOOGI_ap7S7g
66c43c14-84bc-4118-890a-0d67d363238c,RANKED_SOLO_5x5,DIAMOND,I,SumkDhg9z0kg0xo1BCjUXT0UHsXxK-I_QDxDb7WHhdnNE8s,아크샨벤한다,89,361,329,False,False,False,True,,vKfUUX5pXhZDz-HTqUEyk_hkLjGPLNC1V_1si1_8gU58Uj_sJkrBt5CR_JiwoJd3IcabKhHsh7TOHg
4c2d96bf-83e9-4fb3-afa5-f35107c8fca7,RANKED_SOLO_5x5,DIAMOND,I,PjDAGHxzlzrMmbZLchXSwM-qj5tts6gBWsON2mCQ09fh2fU,키아나어머니,0,479,425,False,False,False,False,,FuzwOobzm56_P0aw2OPfWuAAjz0pwtWXHQDPrEZ67gbB4Y3y7gnzI19ze1R_ydHCkoUO2g49oF9EVg
df96f9d2-88b6-423e-8539-98274e798008,RANKED_SOLO_5x5,DIAMOND,I,Hm2hReONbd3veJVtA4meshLg1rbYzR6wS7pSasWSf1qk1g,내가잘못했어봐줘,40,38,30,False,False,False,False,,mRBk8uBUTYduAEnLMzVeFokdC1zSbpyi5QZDpMZ_of1J2vur1UxM-954yaSaT08zwLiyEoaXB-UqGA
b5e2dad8-d133-41d9-a086-2ee8ecab0c02,RANKED_SOLO_5x5,DIAMOND,I,7aQa5N5LGk1TR0EuSkL3whJ9Ci9a_0dqkL8g5r1A9_Wg50s,AniTime,78,45,34,False,False,False,True,,H7z3xxr4An50uAoZkQxyPvPoIt0DmhlDIkMzLTlpbRoDS1SR9gFHP-s4o0Oi9nlpZQN3qL8F9XMvdQ
201649d3-6fdb-47cc-9c23-226caebc2132,RANKED_SOLO_5x5,DIAMOND,I,FT_07FC8H0FnY9C5nWyKxmqn8oSy9e7WKA4ZXtm6qm8L6js,군대간셔플기계,62,160,133,False,False,False,True,,Ds_NdaNgmIu8umHirgQ_u-8PFjrM4VEQQyK9wKpIIWTrxym5XDHS4wfe3k23-7oQMUBqd7_jGKhh-w
1cd835d9-7424-4559-88e3-dc09ea4430db,RANKED_SOLO_5x5,DIAMOND,I,6K46sy7ZqXfwSA-t6CpXxWl6fS3IxOlxbRn9lkwqaCalc2A,때리지마끼잉끼잉,79,332,316,False,False,False,False,,YvyQj3V9gutJO2C_NQMWcGgkUg7Z6vh34nfNKOIo36ZMMjzgPjYTDkRAjD1pDaJkgTJbVrgNBNIQ-A
b980ff64-d151-4604-a13e-b34babf60c8c,RANKED_SOLO_5x5,DIAMOND,I,bUKFvOBWiO7qItP8ezgfbvagOnHNvhFz9aY4AniT-0QOGY4,끝을 기다리다,75,214,198,False,False,False,False,,1dUmk_7vIPq2Tip1pbtBp2IZTjC2baEt99W2Nml1MH3LqYB7qUlt5bTFSLkg4fekmgTu69IZGyvSRQ
25ecbd3e-8ac4-4d46-ae23-11af46f47857,RANKED_SOLO_5x5,DIAMOND,I,oXDsCH1Pi8wLhiWQ4ghrgvz9TX-WINk1yI7meA9MhTJtRKU,볼베노밴,83,53,28,False,False,False,False,,KHr8UMH4Ei2eDq4RAiTpfhyCx-ZU3Qq5bxU6_ZaWz5BI9-j3Larkh3_jYqVp59nAzICshI8hzFgxtg
486749c6-2df6-4bf4-8ccc-0bbdb65a0682,RANKED_SOLO_5x5,DIAMOND,I,c5z4-zjSs9Kt82mcGTlkvpfwMWLXk70VsefPBKNqDCoCx6c,똑똑한 코끼리,36,243,184,False,False,False,False,,tcz7cQ69g-qlC5DB9KFV89yomiBlXB56Xo-gmUyFuQKDkzoMEjY8U4SASzPaOstPNsR1OSfq2UVHuQ
96b52e79-082b-4c1a-b59f-7af29b9953af,RANKED_SOLO_5x5,DIAMOND,I,ie8SxBZ1eOzfPOTYlgP5F-CK2dO1K4EXZD2nVLur8clVcvM,do1nb,3,197,168,False,False,False,True,,4RFun321As14em41M0YKqx3xp5jnvUBohX0bX97iOyuaWFCQtS_4UTdz144Bd4Ti4-_GkkDABXoqmw
036edfcf-f542-4dca-b7bd-d8a538a2474c,RANKED_SOLO_5x5,DIAMOND,I,vnzKmvolqSi_WpiBxj8-TLz_ndkPGy8wXK0qHOOK8P8fXqA,SUPKING 입니다,23,224,159,True,False,False,False,,T5Sphp6r_lPy7qnr-89kvi0ioOPJxe6mNMaRbaFrzvhwR7jihPt87CQldsIzyKdiRwyd7Bql4cts4w
881f447d-b354-4765-a70f-97feadcc96a6,RANKED_SOLO_5x5,DIAMOND,I,fgApIvVaISZhX5F0r7nAWeaR6lph9aTGVQ8h0Un16_0qaGM,아이리스99,89,244,226,False,False,False,False,,cCGwhoyitRllp-9X17Qh54oJ61jWv0GWtivNSuo5BkE9RbsFNsQUQgFWpKAQKCcmMLFnJGCSQWeFLA
be462d58-daa6-45cf-8f94-5adc10e72e68,RANKED_SOLO_5x5,DIAMOND,I,isLRPLiTogIqCW3TqwkVE5vnZ2s5mw8_Qpu-2YJBJhNv83Y,하나우리두리,2,325,310,False,False,False,False,,ZZKhgSBJ1CN2rMb31hlleJtcE8j8ZOfQDmhmRhlLAduCbaNdw6FWs-3Aafso4rK0Pz8uOd2Xu4ANOw
16aee65b-48c6-40b4-a0c9-0bd71e21f1af,RANKED_SOLO_5x5,DIAMOND,I,31OiVt9MhgK2f14Qv7IUSuMRvqavPKLvPwKPo9HMfazbx1c,girl레,4,138,110,False,False,False,False,,werEewOszte1KICecJLkiGOzKz43EZoLkqTGLWS73yhypWlrtVAJoQoKjVFKA5THQRK48M5RkuAPvw
0dbc305d-2d2f-4ca5-8825-928aa01adf6a,RANKED_SOLO_5x5,DIAMOND,I,UcdIv9yrO0g8g-NhCTeQctP_R5DXEbDQ4WgYySMLhzBfdk4,갈리오 권위자,75,208,149,False,False,False,False,,mMR_uNp2A_M_WLKGtJNBEGqUMQOxbgkBbQZGpK_p-h176xTiWN634l-eLlzq1_XCbjxsKdgsZUVAGw
ada800aa-201f-41c8-bcc5-f67c9cece738,RANKED_SOLO_5x5,DIAMOND,I,HnyacV9fvAthoZmKzEc4eCLkiEavL5raDoxIqqJ2g6ERJj0,테사기저혐프징징,0,385,358,False,False,False,False,,KdW-kWvlTCIl7LnbLV0NH771Qq1hDsPce8H4tTzvxbz-dSQZ06PGQiAdOoKV2Pwzjl8s3ST7Dg0d1w
66956994-a709-44bc-964f-383622db4b56,RANKED_SOLO_5x5,DIAMOND,I,aBtSsmvU-iAcWT0W_f292-d-S-E3NdsBQr7uG9RcYyEW5Z8,가나님,91,127,96,False,False,False,True,,LyChHpjaQDfjA6gLS4pIGKMPtBiNf9Uk4fMSYP6KrWZqQlxIIN4rrt8rAiUOjWBg52vwQLTKCzw-CA
ab42b5e0-0854-494b-8b5a-af70c13cb4ad,RANKED_SOLO_5x5,DIAMOND,I,6E_X6SlYbM0t_9sSTitzYMEGZIdvHAA5Dz67ZhpIPMA7XQ,돼지토끼 주인,0,167,138,False,False,False,False,,QR27zwlSaYDJhPFiChujpjYgHxtlBpmJV0u8gKtiw8thyxcVSWOWg5eTiMjjR1vSbZFQ9cNtH5PQgw
cfce444d-bc18-4a7c-be59-7cff23a076f0,RANKED_SOLO_5x5,DIAMOND,I,EKZq0pyW-YgOE1NFMXkWwItRI3LYLwTfoEfiHC1FcskATq8,챔프마다성격다름,30,534,470,False,False,False,False,,zkBaM3Rt2zo3jt9DQpNNWdzRLKvusq1TDzBw_QQUonuC1uY9GUjjoj-vrPIxJO7J-z2w10eWdeDjnA
dbdd20a4-e68e-48c0-9373-1a5ba81251e6,RANKED_SOLO_5x5,DIAMOND,I,jAbf400G2NfVBzyWq3WDmj4gPgo5huoTw9XiKjGJiYIpUJc,칼류스타,75,248,180,False,False,False,False,,wmceQwR-tkabygxR81ivR5DVg1aQ3lBdzt7FkjfoB6-P83toUlenol8ikFoSPlsSWsxZ91V-fDWUJQ
68d96963-5c0b-4aa9-becf-ab67c260708f,RANKED_SOLO_5x5,DIAMOND,I,yOT9SDp1GXRUWt7P_0P5Sby3nVbmEsTZOqAFFlGXu73SwF0,예의 겸손,4,80,30,False,False,False,True,,Vk3VU2_QWezep50JyhZgdUz5UNC-5RAusTktzlIpxM2IM4lZZnPcLrKXa0_R0m8v1D7ANpMO6MrsPQ
a62e7709-b00d-46ce-8fd9-b449f40b8572,RANKED_SOLO_5x5,DIAMOND,I,jb_UDw_ddC8vq9dpAjSTgTOzFOybaDaaYIAiHKZe0KjW70w,Woode,29,626,504,False,False,False,False,,utdVq6gGoqExMeA4gPd7m7X2DDb981ADbC2QRSbA62Of6HJr-YB110Qa0UpXGOzN3J7MF6FMClAvIQ
a0185cf0-1ed6-4f52-92ad-2ef82d458f71,RANKED_SOLO_5x5,DIAMOND,I,fvktg6Ln6rGRMu7lfwnH-3MQzIGmpjdFpsHaPB25m1nb6kA,EFFECTCEFFT,0,194,152,False,False,False,False,,dudL-oXl1nFy3jz-QPbjL-VXgqFTgBxh1INHiljmle4gt2eDnTwkxeMxBdyli8zH2Be1BWxdoAjBLQ
fdac54b1-c312-4fe7-8a19-cc9db7c78cb1,RANKED_SOLO_5x5,DIAMOND,I,NJ0psaE1HDP8FCkf9aIE_i1VnG4RdbSCfQARVNCSkytdz-8,안자는사람,100,148,135,False,False,False,False,"{'target': 3, 'wins': 0, 'losses': 2, 'progress': 'LLNNN'}",oYUgtg9PoMg6TPwUpbhEr1a9k-dbTWmKFLk07Unb-b0lLDzOyB-tfDL-4fNajuyVNugozCPko7g2Dg
036edfcf-f542-4dca-b7bd-d8a538a2474c,RANKED_SOLO_5x5,DIAMOND,I,QBs8GZDVCzsqwe5mE5SWf20jbEX6PaRB7uqXahAC_8XscnQ,important figure,41,340,343,False,False,False,False,,P-xvcAOBaI9otJFsY8SMOGpzLuAEr3pjQ4CT2ibeJB3-HgNVHMS3JaRQ-kpgfxK22LOSojBERjqAyw
325f03af-950a-474d-8147-66eaa5a4c293,RANKED_SOLO_5x5,DIAMOND,I,_CdQXMuf25fmMOV3CLF-yrE6w0Ub1xNYRitGtxzegDVN34Q,장칼국수,51,109,57,False,False,False,True,,YyRWdvzMYmsU-9Cu1uv6CMUJysOzMJGFvbsW4VGQHPFMFUAIpEuWDuHZOHXBppH0mKhq79c4LmKjEQ
5781660f-3276-4de1-aa88-30def9d9513d,RANKED_SOLO_5x5,DIAMOND,I,xMsrhYUuN9wzDCIiKP1CyHJseHSkd_2-RCdeZs39JcdUHnY,피그지컬,75,552,548,False,False,False,False,,fke8hiCY8qvynntZNOrgDMs3M_HjQHWY2NKw4fVevimB4WyjT-CyJWwhxXcLJ3Ykt8idQcFNnL7sVA
cb3d33b4-fe62-4e5c-909a-1b74d93e6342,RANKED_SOLO_5x5,DIAMOND,I,qhIFokIgQKQRLymU8zisefTe_HTCh2VHAXA8gdOoSMH-91E,스트리머 제드99,57,23,22,False,False,False,False,,EUKzWNQVVwWzeujCC7Y8hRx3GHzBwii7yJBim9dGn-2sQ-2HzpTP4UCK_xfBMtR3O6TDDEGqs_GiUw
d20103ba-8c94-422b-bc98-84a8490ceb5d,RANKED_SOLO_5x5,DIAMOND,I,NmejRnTCbThy9EAh4Mw0TnZMsW2W1m6u6xBGxxItc4Z2F1M,정넨이,53,265,209,False,False,False,False,,rfXPhUW7wdgQIChmMfVVbWXwRusd73JZreCmGioJ-lHo_bLVmg47xpzQryPM_3qWCllrBbDZd5d06w
3bf0a435-c567-403d-aa23-695aa39b3d65,RANKED_SOLO_5x5,DIAMOND,I,rHmgi-qs0dErq7JeorCWfwSTCtgAhQ-C4Ofqkb-lnKJwpZc,한이준,100,226,208,False,False,False,False,"{'target': 3, 'wins': 2, 'losses': 1, 'progress': 'WWLNN'}",C_J3Ey5bQvmSPDXWNJk44Fwf-5_apERaGT-tOiX_pgx4QxOgEXqlxsJZZ6zlafV_jrYdXA2zydZmXg
b263dbdd-baed-4ae1-928b-b78ffbc15c09,RANKED_SOLO_5x5,DIAMOND,I,xvNeTudssFnF6-tTuM0ehGNQkrlIr9ZkJqvmWb4WSw1amA,중국산 징크스,0,524,487,False,False,False,False,,Fy_wLWSGGGXaKinhrUd4DnOenztofR-0mjaLUwjBEvtMWgxCbR18rjwaQxTLXsofQQkbbK4DNqedwQ
6c9b05d9-288d-4dbd-bc7b-870335d8bade,RANKED_SOLO_5x5,DIAMOND,I,Qix_7MSrbeS-KrnymPF7eSCJjNE8z6AWQav34Le_tQJ5uJA,히오스오버워치롤,75,456,440,False,False,False,True,,GU_N32C8aVC9JbLGcLwJyZdpjXtkU4K9g08bZFj48oowfvJAb84CSO64c6B94iaBVYskxY0HOILErA
12d8edff-95a5-4432-88ed-69272db19ece,RANKED_SOLO_5x5,DIAMOND,I,btvzJrxq1PuBNJDCc-R9o8xy3WnChX9Z1h5NOpXBEqfjV24,VIRUSer,16,748,698,False,False,False,True,,1K1Ow6_oW-hiywYh6ImY53nsE9C9T5qjxbJyQzhsHLGFouS3L5_5nNYJRE7OKNoHgdYZJB8ljpLnEQ
67953fae-626c-4018-9a52-8f9efca91bf7,RANKED_SOLO_5x5,DIAMOND,I,zOY4tLKy-IECvfH11wzh_1kmEEPhFLM5kRxS09rxGWv4mKU,오늘은진짜열심히,76,172,139,False,False,False,False,,uXm4pvxjWn_9-ckOVsDjnm62Uz4WpQG91wxCX4Dyx9j0mQFcmJTKPoC5n8X7TtCO3LnprZnd3urP6w
fa8f8c47-c33d-4a46-bd0d-113afad51fc3,RANKED_SOLO_5x5,DIAMOND,I,yRfYnOzx1HKbW8OJrrHibOnKJTgXwXLIUgNesa3SFm8RxSo,넌 이미 최강이다,89,230,193,False,False,False,False,,wLQcZXRG-eaeZ1UR5EG9QxwcBVxInCCl_qvOPmR4GMXbaMkf58z7asOt28ndeLdzGcLVow3oM_QRUA
a2622f31-b789-4c8c-898f-273fe2154b38,RANKED_SOLO_5x5,DIAMOND,I,A-kCXi6fX4fw6Y96LzKeFSm1xnuTbHa49Mhjp-EF1fMBLrc,Phoenix Anivia,26,122,94,False,False,False,True,,HB3hkZBRTzYAIWR5ONMisnRnv-GbQ3e1BDlDD3TK8dAtithDYTuiXkkhmcCCOxcA1hKvgUkcFACLdQ
1cfac857-c8e5-42ae-85c7-35ca06b3b417,RANKED_SOLO_5x5,DIAMOND,I,aVPHdQ2r8UXZ920BJd-6OUBtLHacg5H2BB12D2z8l_7yZ_g,할라할라할라할라,0,64,41,False,False,False,False,,atiaAl6Qqkbd2_20DoIXKHzsFIyoA3pJRVTKDXjso7EIWTUnLoaYwZQs3l6oGe78XgZo3kWKL2llRg
acba32e7-ee2c-4d10-8668-c80d3ab56d0a,RANKED_SOLO_5x5,DIAMOND,I,eiX2mRNWLyWB8sNM5L82cnbOV6WaFGUJzxrkt1XZCMTJGJg,북어국맛,48,218,198,False,False,False,True,,wUcIKCdHd0WUw8CC5bbt152wSxJ6HKQJK2CadTmwFBw7rUTFRTw3SEnu667200KIXPA7mbSy7acjzw
62703167-a248-47ee-9ca7-4bf53b040589,RANKED_SOLO_5x5,DIAMOND,I,GtHJuiaOpeTMVrY-cJrvgXmvLwnF4-Ye2CUTpzugtSL0aOw,아몰랑구를래,75,229,156,False,False,True,False,,lBLzilm_aeZ5FyYJo0By_NmguVXJHx7sHjeeHorHQdloishwNBds6R1FzdbAmjZEPgieop3izeGN6w
66c43c14-84bc-4118-890a-0d67d363238c,RANKED_SOLO_5x5,DIAMOND,I,myhMOglLYKtprG1bN5_sQcel9cbKHFVscxEKemN4Go9gQaE,못된말만할래,55,319,318,False,False,True,False,,EelE2jq5qX-vTrT75UF9K373UL5n6LTxulnDrcYMpRquWItTCpDhsMh_ic38cR9S819TNkE5VqlM8w
7c014d63-5f15-4fae-84de-34d3fa1df6f6,RANKED_SOLO_5x5,DIAMOND,I,uRQSIDuGSlrV4qtpFgjlLIfLdY3MiI1HfmmolPwykkYGTw,살해장인,61,197,180,False,False,False,False,,n8OUUm_-ZWkdDibv1aqauzEFKSIjEjIbL-j1n3xq123h6gkQWSSCx2AL_bYdUCCfn-otd83XymrMww
3e4c4683-3af9-48b5-8340-cd3882e9ac15,RANKED_SOLO_5x5,DIAMOND,I,JhwGmf_11dOGw1Ejhy2RM1NkotaseoRlYSB6Ksp4gWYYBrE,희동희2,47,211,164,False,False,False,False,,
2a39ab50-8e69-4726-a8fd-385db5c6dad1,RANKED_SOLO_5x5,DIAMOND,I,OSfPq3NnpNcqo01f-6nCqvD6-TPD_rmvIeFHQuQHlV8jpy4,퇴 소,61,121,87,False,False,False,False,,
