summonerId,summonerName,leaguePoints,rank,wins,losses,veteran,inactive,freshBlood,hotStreak,puuid
afqVAkUhamCZnTAxDt_yDj7AH3feZOa3IrIgMX3ASGNirE-s,Av0cadoda,750,I,770,715,False,False,True,True,gh2zq0Oiq8nmUqpA1UoHeqkUOY_9vAZCEVWN46PmfgWz15g6zfLbnhmymPnbjevC75C_RZf0CdBstw
f_ueGQ0RBA_dorVTgmMAIjetz6XezR9jPx_mX-r6kOL3nQg,wndus,813,I,548,504,False,False,True,False,jba96lHnl5HWNbd4dX0s7UquSD8StImFuZMx4TgsZx_Opgz8msjyp85Rcap-laCPTT4BWa2SSy59QA
6QszFOTsp4I-M4MOGGAP58xaIACzS3dzmk5jfIR6GTdWNw,킬러톱,756,I,771,721,False,False,False,False,jlRDVz4KJcLT3cvKuzMX4ExvemAZIVM1HhgT_wBM5dvuSoMGwqjcuspGJV2NmC6YFZMOPH8SFJoabw
jQGAPwzRYSAyJbFJhKT_50tQxP7teGmG9NyggciJlvcoKyRizj_QMgFfaA,Tangyuando,1139,I,286,201,False,False,False,True,r72fp-gNU_HgejoKuKW1M1UN9wUiQRrY4UV9I9WkY0wWSQkznFuFek0YFXLvK1BR892OiRN1-lj4SA
rrjVaJS1olZsHZJGt4jQo6W2okbnAedb6tal9KSxGnFSlnc,구석에앉아있기,887,I,261,200,False,False,False,False,sX8OWmA5FHSf__TB2o0mf9R-ge04qKkrjHL1MUuftldKs22Nn6PZ7UFbECpqwWtkz6DizZ7xrREMpg
1uwQi4TMADAiN9HHSsPNCT68yzYE-bhNaLNFN25OpxzWIqE,ZED99,1093,I,344,279,True,False,False,False,-Bo_TW2uzYDzYtWSJgr38PHKxVr1s6moU_T4vIcmiI_GRGIteNfT2wrU_3pIgm5eueZFzqZm0mqzww
r7_YM8riplPgFwlPQda2RuR6HFJBkiQUn_MR_zldchur3OkU,깜쭈압,885,I,915,852,True,False,False,True,ckiL5TNsI8CFs--HRXyntj4vDOVriHn2lTv4eVTq8_chxkabWPw_JuvQfDEhCkibe3zKuRJT6JMgdQ
PMAhdCnkcHwfrFuOIupOQBRr4IRzl88siVz5sWhCDHtMNMk,권 지 인,1015,I,412,343,True,False,False,True,5TwoRPVbjGPKntPp_iKcL06oAdo5AI4o2X3XxS71K0jKh9ayhjkC3vTSfWWWMR_BTCDHZq1u9IU8Wg
7QZo1RdGrAoaMIJ44yEpG_M-G1Qt9DC_L_8EVvBF9FwyTw,몽키 D 짱구,809,I,586,528,False,False,False,False,AdG7V9-AlA7hOXxZSRGL1ofZt76oSFKlkDocnNzforx1h_l176rFfluA_M6HciKGHrbQzyq1EkEqdQ
m91wW_fLgxqCllkRs953b-sWzZJsDaNG_gOxmIb38_QFoEwgw_xDGCb2cQ,모순덩어리2,708,I,740,695,False,False,True,False,TfmoVDAHRqvvrgZdM-XH47pFjN--Cgy0au9nwR3Zb1ZyR8RQHwERLeotSaBhVQIOL0DvUrhELuNYMw
aX0qrXCjk7xpw479HE37z0ubyzyeWN0mNDFdHGnC-F6zd87nKLlnEaPNeQ,이스포츠 프롬,763,I,230,171,False,False,False,False,fmq2myGNDnLazsikXHKDQHFr6QLzoxKUHthzLU4ji1jzW7Y_YnHr-QNGDZ4-cQU9fZTJy3bOCihZeA
0S6ingr6hWASIHeXQqrNZHnyUG-hAkZsCXWMborGBTd4HDZ8m2AyIqdl0Q,dustmqdyd12,1109,I,829,747,True,False,False,True,7cdom2mp1ZjWZRTXBlPxDmPzAr9oGgprzPeFdM2xw3rh4tafMq0OBNHE3H9RtLOs_rSN_0A1atmU3w
OEx-tIfgR44BEGMO26i9QrXB2LoQoFO12Q14iwGCIqdj3YI,누쇤퍅,894,I,672,617,False,False,False,False,Q4Dhpa3QI1aDpWRu7Gs_K-iOECF65ib5RN4ST4mKcbz2-RqSnGkzpotYDrgqmxi6JMvHLt4BV1YtQA
T16L30a3Gqb5YhWi9FcFF19SVXD62YDR_sajPKl3TsMWqhA,deokdam,1132,I,594,524,True,False,False,False,d0wpTPraEtlcwhypEIZmJDyDI9c_A-EwZPi7RrxQd4iuPm6nqMs9aD5Aoz8Q9Zy5ExggVXVcVhO_WA
w_WeYd55TOw-5B4RT9IbCzCocgPP3gFVYqjxqXu1in5Hpg,사막낙타,803,I,365,312,True,False,False,False,VWwLRgeqFd9sSo6ACV3FpziEQyLNZkLjXsx_g7oDosAOVIl-vC05Ne5iVJL1BzZhh1NdlpxZ_rOPXg
aeFHqgP44jZ4bfGB7hhKf3S-B2cIxiz-woxsoiv93M3yu3WJ6n2r3lW6dA,구글 롤코코팀,1005,I,163,91,False,False,False,False,F1Sk9sBLwN1Pne3SahwoL605DbCCc5QTGpdbN6xewTkgQqQ-Z9ljEM0I32JwCnyffaAzc7nxlNwPRQ
ywLScAoi-zx5DAF2WBMdhl6VEVq0_eaHbfNMtLLSYZ2nOyhWSioYVpZKpw,리명준의 개,922,I,414,341,False,False,False,True,HMiI40CQpI99p38LOoIbD8EVHR-7qkCoURxFWhoOgLR1m4Qk-XQu07IEN5vGDAsIn8h8nINBsY4eNg
J2HgOMXEl1fRRx4kS9ZClF2ksMS_6abw8KIFhZAA7ib4fN8,Star Supernova,711,I,672,612,False,False,True,False,6Mv9oM3AB5dCN3_bO34C2-5VvJwVWHJqaRMWiigsUueiSpXCEgglUbv3fCdZDoKVFG0NWNJAsjryfw
G_UeFF_dANMTeww9PW8IJk3__xUOY3ElFk2Hj2tkn1LcVS0,KT VicLa,1102,I,577,512,True,False,False,True,VQEFaZRcnT32vaXW80F5XESSBzizO_K-linz0l6vdsrAPrJI4_z9q9y6oLKHbSyKV_FSP0Lvpkie0w
4wFPsaeIvV60Zdvqtf0AFEMIKbRWzNMjkZ16gBTs_dKPSpQ5Ef-tqKntmA,dangyadangyadang,717,I,677,611,False,False,True,False,fJ7VJlHonPK8Ds3rtI282QxWLXUyNdOqjINtYNpx8R_C896haYXvkBMdoUcMfSzI-_Tlpop8ECkhOQ
rvXl0bu_Soy7ZSXtXNejlC5GM2gK9Ck7eCFJH8jJhwJRDHg,Co24,755,I,202,152,False,False,True,False,tYSdACIyhkug3P4yUYH4Q9lysoqsjjuwT6tVcs6LGDN06XWXTomny2pHE8_Nwpjqgjs9Da6q5391Eg
uDrlTo_v1Z9M5xQvWzM4nMQXBdw2KCkeFqiujp22OjFbK0k,디알엑스 제트,1214,I,1192,1109,True,False,False,True,PStH3ldl5RKB7R0CGd5N-gXvjh9avA_8YwvaliZ1TbhajXeShPJxonLscm-SqLo-aGygazk9Fjph9A
7ftrLU0TIxQ4eeaC5hCxEwqjqsngmxlW2NgJejQFzmiQ2Zg,KT R MID,764,I,1035,974,False,False,True,False,LBL6QEwlTo2sEnQT7hD9bK6-aZWttGbpubMbCdh5FIYAetKFw17JaWi6bqQ6hGvyTp58VUmvCIFRIw
r745nraD_IFeRmcRjvLc6Av1OVux1NiC_wKBA768FxXHYtI,BRO Jeong Hoon,796,I,242,185,False,False,True,False,TjXJahemU0xzFDOU5iV1lj_kkncV2CA7sybByaH4Y9G7VMZwDET4wNqz5WCPJXsHog-Dbu22YXxhVg
8h36TEc9T8giGzgOw2TjlUJfhVyyP3Zozg_WkOLZCkVtAvw,물에 젖은 장작,847,I,483,428,False,False,False,False,E9-2BI6SR13sttGyQrkD2gQZKa6JpjhLp1bbj6L-galZMLs8Qjuz9OZf9dmhhr1vbYz3jVZW1k2Svw
M2YOe8m6FPUD7xOADsGi1piuqZ1jUSZr_v-iEXaLx5i2FyBBgqCHXbLgMQ,nodfan,1172,I,172,82,True,False,False,True,v_atk7Vhm2-jq_pqD8u4EIGopKVcv0EMLnKp0QLOn4mMQRnitbyYV8lwQHob3ylzqxjFCzYMqjcfEQ
XLwwXbo-WRtL8J5G_yNJcQr6tMWdkvJBDZN8xIgNzfPoLMGh,카사돌,1148,I,918,844,False,False,False,True,taDoqaOHRDJGbUtuzb101b4acUjzpzv52By1OUp29sTIRHOvC4Se2Ud0ULOlacfNHc2uEYUDC74qOQ
L60DmppJXqVrWk7Cg0XYp3J6l7eViTMNMsg_931jjanQABk,사 용 수,865,I,922,868,True,False,False,False,jI8uEYb-7QREyg19Zc3_UuWdnZnWZARl9XeShl2QzHJZO1wYDSPK24vcYzLafqErdJ1AGGxHiYOxGw
1bQlfXUnt5Wk08xmxmZAEekrZIR-VyAwwFE0B1ZXaW8X3w0,Emilia tan,979,I,753,686,True,False,False,False,WWvEjhMB476SYCEMterfJe_-sptWBNOAq-_gtJAKiuy5-zAS_mI58oLWcC2gbB8Lk9bXDmyO1U7uSA
tDQcF8r66Nh_-sXDTr1w2JFZBfeWGR_i9RDoE2jwEZ19w3__15Oo3itt1Q,gyuvee,843,I,259,201,False,False,True,False,YC_VW4R3Nzt9Zq-lUWvkIvHn5FVWcduRmAMz6Nbbdaq6j8XT0bYvfntBxQXwC-3m4V7a19Xqt6lRZg
sYH6DAeZevd1uX9wKO52mXQDlNX8ILygT1z_yGH4yIjcElk,qkfzlfl,752,I,288,250,False,False,True,False,w8ZIvDgcZPZ7TZ2S-nTf31OFAM0I-VVtLWeRACtenW6kc7obA4fxSwpYFq8R5Q_Od6uM8OZQ4MxR1w
BZsRX2eVrcv0hkRAQcY-lRX8rgYuQLg2yLr1naH-MoZ1_Lg,졸며게임,778,I,284,237,False,False,False,False,vbRig9PhLkk1lZUepi8KLDgEucIO9-jYM69RCeDPgre7Poa1SusQwpZYYpU28eW1XusnfCPoqhBmzg
F7x1gnYGbQD-x-gyxiupTLwJ505ZTxIryTHjad1ZIb9VqBGI2goVfnBDVw,순뀨박,936,I,204,148,False,False,False,False,PXu34__llC9GbH6xFl91ajEoGQkD50rhv1b9Q9u73SMWq-34etS9E_tNwbUfyvVKESKv7A4Hye2JpA
-EDKXjiAntiBkcsflEsRSsymDYgJYwH0UddLvVL1e5DWO-A,멘탈잡자으쌰으쌰,826,I,500,447,False,False,True,False,Vmqjp6MC643lkGqIBYxoRLrhc-eMq8CB6R3u6YSu0NAG8RG0_bvLt8qklx0vFzY-ujbPTXvzclZABw
3yGK_af3dZR8npkqQRGx7RUlYSgBOmo81PWZOovcX-LHzK0,짐승 잡종 인간,1104,I,860,796,True,False,False,False,m0HZx6F23yfKH9Uj5SDmqfDVy-UceURZt5JfztYCjXsJ_JMiVANBg2WlZ7XnCP6mb6WMXn6aZYHbPQ
1n4i4T7tsMr-9A0TVbwri6m5QBTSiM5fhfpZhW2Za3-m8wbe0jEXg5G0lA,zzzzussss,955,I,221,164,True,False,False,False,YZgvyeu9qf2_NnCBHNSb9nca5X-iqXMmMb0xb-fs3NnBkiiA3U0s5FcJ2R_RhOcEvGMrI9nmHV-9Nw
Oyy4txkl5AJQjTeOqiLBnWMygAUkBI7CeeHJFjUXsKk2fZ8,Shadow Nia,763,I,612,558,False,False,True,False,Qj9nsrVzfwySU_MvZPyQL0XZp0VJPyR8RLomtQA3SSsJjMx9gnQanUiJMhDKSbgKOGh8o_hpr2KVtQ
1KMqguH8TewURcK1GDrtzea8h1WfQBr_heDbqGytVLZzi68,T1 F0rest,953,I,1051,996,False,False,False,True,3FfnnddvnObKMrH2VcFsNkP-Nkt_qS4WUoiL6_PrMa9a_LiMt6C7yX6BrwjADGkG5VVVHyVoxgTjjg
Uaf3TBg9KiWmdyGt6gpdbVxvaJBPNqb46VXMMu6oXivUj3s,빙밍잉,758,I,308,263,False,False,True,False,VBoEbEMh-Xwhz3IDBRhYpAmNWTNv7bkJj92foefCQ0-shB4iUFjE5dmQG1PGwHRkNaJRA55ROAX6cQ
YeO6FVop80Z0m8Z9rrUXIolsY4pPUyTBr_lIGwf9MlICJo4,둠심 YouTube,1139,I,406,318,True,False,False,False,rinIbEoNCfMQbisO6nJgXgr2wlZDLcMXjLXU2pzOoQSsrCpr3sXfU_LRHKz0Do-XeVjQoIEkAjRnYg
gviEwJz0hGhlZpQXoeHilBdhmLGalrjdfhB2Fd2i1Kr4a6A,영원한 건 없으니,751,I,499,456,False,False,True,False,ZFoPtUa2T2f5DXNf7fZmZCEnDC1WXKV2CHkMOuQtpePdJUM7oLm1xndhAIR8dhsOQtNgrE4jn1UNYg
9tCKpiYegQs-UxLayFz00IzZMPZ3Thv3SqECOtf3HTlESeg,포식자,817,I,827,777,False,False,False,False,nyBrFkdEbnhjtEVcGDy6-i6UDwjCsW1Kgwp0-DtIDO6KN9ik9fczk4yvf_cvKsHkYqTaGf6yLmZI3g
XDWIvYpDi6bkMFbBAHclHl-qZkEvmW6d16UgILBCfVziDOo,Shadow Winsome,792,I,401,338,False,False,False,False,xpfh3yq3gILGoXNsoKWtupZHHaW4yWC4zctKM3W8a-g6A5fFOUghfPl8uiA-AoXtonfklQ-dhTaGzw
M9RV-UGy6ODOu5DBd5nSkmEKGViCJNS6uT6IFCcZF-jGKw,모두모두항복하걸,867,I,807,735,False,False,False,True,yw3gHuP04dhNM-uRPEk4rHmHAKESm-JR-Ln-zHZ7fE5ukpqydqvBMCSphfYzuw5pCQVEicBHYzg_bA
MEZwzcgk7nMP28RT8DcnuHLJeuiLsCEBvdvm--usEUpPEggB,숨지마라 룰루,1061,I,204,131,False,False,False,False,ipyEt9iCzOFzINc4zN6aPpCRbOEQR2i5BwIsS1UmamSsuq5n3_MXDnUBzEeuKPQJ3gNCxgdsRyTF1g
PPRZ6vl-WE49by7SrWtGQmCmrkVl91gNqsJpjNbOOPjD0vU,Gon123,795,I,1013,934,False,False,True,False,k-z_E50Y3GazCSwzCjJMGCbnHC9F9UZo6JD4G-2EEPU0LJtmU7Agzdt47pJelskceqaq79xqIevdFg
oEhWxr6FnZC7Tov4Js3EjY5fPtDbUX2S-6eORpHYIDc5u5M,N0T Angry,1036,I,526,472,True,False,False,False,W2zOx7S18P--Ny1P73lppO4SAD8Jq46xmf8g2FUGjgP98_xSOSKnlL5Awr1YlXg4PJ5H7ZQU-_fJfQ
T5e5UPL0iup3SrpIXSCoipIvIrxQZcS7KPW5Hd8EKNeQzhWTaZEepz3uUA,Luck t0,962,I,378,304,True,False,False,False,VsHQzychc30_gDDMltYy4-Rpm9DGW_-RgD_21dxAloNjr4a_5pzpFBXeOuOkUb-Ls8LJ6nZt7yvUAA
goPeSbGjLY4XfBGmZc7eatQ8yUQlTMWAO-VDSknen6Dn4SY,LunaLina,749,I,841,791,False,False,True,False,NTaFzb6ItGFrBOxblVgJQMPZa3nh_NQA3xDDp0cIXT7_aWI684az5DizuNcjLLDg3sDARyYwJEZJvA
bkhpUT6br0xdTHRJTLw9Cj7RFdcJwtc-n2MCDNOkDSGIbrA,율천고 최현우,846,I,355,295,False,False,True,False,DaaqOm3wx8YAGNdzCr5YwrXriY-3mo6rtDs1lAaXq3ldy_TLPzWXytxb8ZUMkz3Q8DArtp6TYBE-7w
RJhSAY1n2nZpV9UA4uJ13y29kvCokmHkFGnhQjuOLS3As84Alb0hma7hBQ,광장 캐슬,784,I,92,51,False,False,True,False,3VOqI11vaAYL5A0lr2LJpW1pYoL2fcqjcZYPKcfYl47wMwoCff5EAXxlw9oWKbY0lhh-vl8UhyMjZQ
1oxlksEljCbc4xhzTyd39m86A4NgYpboWH2RCv9BrPpBwj-33uJKCggvxA,tutubaobei,777,I,216,148,False,False,False,False,0rITDhFHqZaDYZ0YcrrT2DYxqf2RXvDiMp5Jr8ZVBn3lVeUM2D3Cx9X-aqT7C4G1rSBOp-nq8tB8Mw
drB_Ix2smmtm88QWcNVpsSo4_DLilSwAtQCOE0Zt93Tumg,루시안권총압수,588,I,443,405,False,False,True,False,L_Bde0eEd_wJ5pyNdcFmdaPNyjiWYoiiONNSftN2G8MB7tGIsl7lkr8144b93q-qQR34SqphKrDoXg
Ltqp7UXt-PaGWz_XyRBNF0mu1CY17Noe4xfXXJAR6rwKhnTkWDIdzm_u4w,SHCH0,791,I,256,186,False,False,False,False,t9qreHKnV4ENjBNJypdZ0B_qYboVQIPpvEJ0oBS1FFkfziIcCel7eAY_tfirMteI5RPKISpjWdaBZQ
iwtaQ7x0GCXOjfB7coBG-9O6qMqh07Udif87tbaH78QtO7nbjpTr8Pk5uQ,미 호,850,I,260,206,True,False,False,False,IJ5BROSjyDQNSCmXl56qJNYBvKLPG6nZiwPSRhNJIqLqn0bcAdUba47z_rfmVeVdckK0q_zT3OEhYw
y0bT339YSyEq3Ev-J_VChQhY41kVKEnkIJ-MwIfeoeaO6KDholWr8q_tTw,역시폭군,838,I,243,189,True,False,False,False,f9X55GNsjmFN374HB62rySetxFOZqKLsrYOm_rCapc4du7dvyI3L5fHhi9KwZiuSvvOGBuSpZ_dOfQ
X-O8ziPUXnFiTb6qIfqNF_QWThXVuNSIDKSWyj379Yph7Zc,튀자튀자아,902,I,278,224,False,False,False,False,Av3WKtaZuxI1zYPO3AamDtn5X_HEqnN-fpWbVQg5Fnh5PdAYw1x57Co_PvFCtqSJBGHN779HiFhtUA
4HKh2KGA4yjqVyYbwTOCGvzhLzJdZxgXMEDLWlytd7n8qipHTBdeN6ZB8A,짜앙 혐오자,797,I,390,333,False,False,False,False,rN4Ep3ajbqPZkk0K0pvzV8VWrwi_NwCGMhTnYZzvLU664DWR7Ew2Zr_XVWhGms4iMe54Qd5J8eUKYA
MAcV0mH46bVDFGFYB0dq3DyPJMp_Lz8zIoqgSYVHsfOeVh5yhqqfnjFapQ,shuangmaweiyujie,753,I,276,219,False,False,True,True,g080ip-pe9fxXh3k8Rw1e1C7n2ObH8OnkM40gwgXqNMISW1IsErYlG1W0aX1x9cpjfNfQF-bUW6aLw
2Oy_aB_MIplWV3dLRupWbP3_fdOVXUqe6iLpGpdMwZMk8_3Th5VWBUncdw,q7mm,1067,I,531,468,True,False,False,False,OtZOOPUDnhGfEXz2YenIBFhMiksCpSOUHUYa4dA4jIDMVe1w2Ogsqh_7jUprGtJ2IgnVHXR8SRSnig
xEITaiRbrz2Pt_x3an2_HSMWMVzjTJpaqmLI3CeQ0eOVCUo,난 워낙 노빠꾸라,1370,I,495,406,True,False,False,True,IjhspPpafHPcI_wCojv5GJuCeU0JdcjtBzpWYJv1XPIZ6XKARyGfwIJGpuNZmcgNcnP7mnfYH7wBXA
oOq7lN26TNbEaZMqsztEcv2mCwU4MDXWg-grt-DNLBxwPv0,다없수질,816,I,323,272,True,False,False,False,92MLK3tv7pV9miYNTmr5vA9pcIDy_9WXRz-BduvyXFt-1v3CHGTOkZMIWddmjkiuttO-xRo19nEBMQ
u5a8f7w992rec8sTuipXMFAMqJ0bJhJfAAPOt2Kh4Y-DXDV8,KT Harp,1063,I,551,473,True,False,False,False,c1s91k3MkgaxgSlny9io-OK4XKxLNHGtABtBRTo9Qvm9WLjkVEcDOGL0xGsjF2s4DgU-TKYJQvvzTw
LHazjzz0pxfoitoNQlO7va584328TxFioHqWF9EUR_TIPRva9m6ITDfmjw,깨달음을얻은남자,917,I,728,641,True,False,False,False,cAY1Fd7W5mqn1zweYxxn0msbjfj-czD5jS2L1_EMUrkwOlJeFvqdAHvspDmLxvjLYVbk-v3K6eNisA
Svbjw0RhIfIVA5baxZovWQhexWU5Vt6Lkl8Nc2xeEzRyPe0,T1 Gumayusi,1071,I,973,911,True,False,False,False,BZwTmOLa-7FWC8VjYU3ziGBMEyWSYV5nHziK8dVx-1KGDTMOoMitmC5gFOV2x_PqMleik8J_EXS2rg
NFcvnPCXRNNafiE9du1lCvhWI2KjQuYNB0kZ7nsB2KluYHE,GOODBOYBD,835,I,349,298,False,False,False,False,XQKX7nYVeWTvRfP_J2rg388QzLMn8HiggsstFY5pxGD0d-BShrsupfy9Muh-viQujzjZkMDixWTOrQ
YRcjADZTmi9YT8D88x1BRbJpFtnop3a2l7mRPGY6XzyqVHc,T1 Ellim,938,I,351,284,True,False,False,False,sTiu2pHek_x_SBy2cDncA1eqtm3ntLfznb5kWS6KLeJtDzJ1GEA_9JDbbEgbCg59MHruNFGyIEMYcw
1ZJDF5FQK5ia_a4vN7uWCAYX0z7T9F_Cl1zbazC-ZLgTSzs,데아시두스이어링,906,I,514,462,False,False,False,False,IL1HTRgxRfvr3h-mSnKwU-u58242TuV5YJI9yqMYjMtcmLwh4TYB6b2Bv6gXSuFvPfaXZB_lkhuWjw
xph94nXNWG4RAR_ZsNjoliOiP0LolnHjVIRcrPpH55hBclE,양념형,930,I,552,480,True,False,False,True,XnCPmS_7r2mEcR8-81vPIs1EnoOK-xbwwofrmk2IJD5qVLn15V3tThNg3X6tTt33NxPinZ1VS3OT9A
R1mvszZn1fEfJMFcc6F_t3zXQaPBbjrDT5fao5acCbP0ULQ,Gen G Dice,1058,I,546,480,True,False,False,False,9dNPFzVF5KOLz5TObTlsVx98Pd8wvkwGbGAA_GcMzzgOyDApq9yfV-9fF8x0KGkHL5x0_pKQQzVUFA
pTd-X-54cFVu8rAd0gavXsBtGhAtRVAU782xGQiygz6LC2o,DK Ira,802,I,999,941,False,False,False,False,URBFkm7iwnLfuiegJfuL3RFz-LqzVEnw4HX6ptJtDrUsaBBEx8wsqiRyYEJtb-7GYHvhEHLEFrrm1A
WhN6kLHilV3tqMWocfCjOuLKoSXYPpOldCIaCOhbFUheue69jq4IYcuk2Q,oilf,812,I,455,378,False,False,True,False,BkIZRzQH1cIbGVMCEa8RqLNa8Myr9ycqRoVo6E3b9Wq0BqodQ1EOgCs6hYcpqqFtCc7kYnTQgT3u-Q
0SYSGgl0QEJzgnaBv-rmw8YChHtwVAAEQ4RDfZr5ECBVyUY,lIlIIllIlIIllIlI,877,I,228,181,False,False,False,True,zUyK-rUb2OHRR_aEPUTI7JXERxw6QXEMwUmYHlGJC2Jmlf6f3z1DI3lGP0edZBr29bsJpelMx00SDw
zc-svZhHeZwAh-cr9puhtGJuXVgFlxg2ybQQJXjYxCL3c0NGVVFqh7_p2Q,irasu1,1000,I,429,358,True,False,False,False,U42kT3W2hdQfce_wDV4zsNTOflF6uiwJxBZWyFuy0qXurerAS0jy-o56qxYX79SG7CQbDmPuAFzT-A
aebDr4TuqWRNGeBiBqkw2zIEWsO4k7nYwqwhpaRVZ1QmVvQ,RiHoo,898,I,669,615,False,False,True,False,VV-YNlewN0bSF48xSLLsLgBmg1dUYzSH7-Mu6O8BVildIR_-IxlKf037rbxpJD7eYVhGWYlG4eCSJw
m4mgz4LMqQ6CuE0cpZDFqttI-OUXNVP_iB__4vbvgMC9xJ8,700125,1038,I,914,852,False,False,False,False,Afk-EGak1YQbS97cTHqzTCyfgrqhZjenPKtoK2TswHPYFMqyohszkraOlIf484U3XEhSRtuhqlDAtA
F_QI_YaqkLJYsOOaw01n6wAm0hHtPHsEf5oQ6abf0zxnSLo,어제보단잘하자,850,I,365,307,True,False,False,False,iYfLLBSSCEzQ9ZX6IpZpH0B1wxVKu0RsB-ro234At6UXq51LtXbriW-EHLoTqP7LzFMJ6wSUnraJKQ
dJ2NI1ALczy1a1ZK4MvwoWq9BT4QXdjcB8AJFRPz3Pa9fmQVNC9_vDEQ7Q,샤오 쑤,795,I,589,533,False,False,False,False,4itVGM4MV1MYAXkTQHjXPWQw46v9iIAf3afCHmFs4-BulW29V86m7J7Ap7VjQIato4N5XNWtdF9aGA
_TArSiNjshmhRu13fAGcHGpARK37_U7DlvAXaiEIvEhbSIg, 엘 림,801,I,707,658,False,False,False,False,fVTzmFf_p_HYCWtf83rR2RUatmEhgVyHDqfvqHB4Ca6XLpYdkJtCLD9vhauL9IfIjRH_Ifr3w817KA
tmUVdAL6j8DMzeM_cPs8lGvoO3Cki1sGvEfJL6aRpAGk1e8,이기고오쉽당,967,I,772,705,True,False,False,False,0JyI-N6Up87oW3kEsTR43sb87DGUQa2tQbmsnyzuauanCia0H0wqcSIvA-0e3cH9ZtxUFu0pRodB3w
xvVJf7F8_dvz7EL9M7PJE570LblR3b78pa0xwBEJK2z8yQ,엔 햐,812,I,222,171,False,False,False,False,ge29sQb6v1qFFH45s8gbfuotte-Er7rw5-c5F_bj0VDBpWCHTJzDUQTBK-gLbLo4s3SkxCa2nkh-Kw
pPOqj6pJ_hJFX6AisZ5asAanLlmgauJcQRpJTwl8ermXVAznlHlYKHMMcw,잠은허송세월,1046,I,152,98,False,False,False,True,QWyWM-oWLgUjBG4utUbhcKzIj2Dpn-uqRKrdxJE6k-wBA71dFgkvnpgxoqzRquYnHtXYkSSKK6aQAw
Hni94MJrwM5adodzqP9W0t1vi7WRuM_k6u8DtLF1cSSj2yY,zzzusss,1303,I,402,322,True,False,False,True,B3J7POdVQl7k4tDrJgXIwCkQ6WVi7elzoFRnmc85hJikIBftf8xPt9TCdQ1zRWjm5aRh-z4Cvcqu3g
Wgo4Rh4W8GS-fLE977M_M92moDUfp_GZ8Yw-b58w0f5vceVcQV4nSfL6Sw,Twitch아라드,847,I,126,69,False,False,False,False,zIMHXk1XGzGUEmpNEMpDqLUphFTadqI7KSaH2e-Jipj-2Nj9LXHxdRyKZ7pplXQ_Q7v6EsbHT_cuCg
wLCRMk8-J2mqsa7S2JphOiZUENr4z4W4rwopiGgVKILymxJDRw0nPf1zQA,krole,847,I,702,602,True,False,False,False,lbXM-2IKDE-sJzMLejKDdStK6GxAbMPXurVd9pkkRz9ggRReEARQw2YEXlInTjAf5vY6ciFbuN3xzg
FSPQK57ToKvMXxuD248Oh4hq5JEyE0sQPqtUz1R8QBWbSHQ,06 05 19,1019,I,589,481,True,False,False,True,IvOkkogSfQSBZqYE47uA6ITEEGQEinHv9YuJk0QnrsUmcLQ_mBIHgVFzF6YfJvCJnvlB2Rg_l6dSeQ
a2jbkPdYVb_kQDiSF2wfgvf3qMcJrkAFKb3kozoLNqZDgB0,zxckas0dk,1326,I,544,469,True,False,False,True,jMz5H4n8tI4t8p4lTXk0dL5-8Nkg8DNquR8I5oqA4etwrhP06lR5I24y9g384T_kRqtvpdjiXECsCQ
xIzneBTvi8qG3GJlSuiDZw9JdDDiELWphnd54tAoy1p-DY4,Liiv OnFleek,856,I,1250,1186,False,False,False,False,ESWgwdBa9KJusY_WxspNcfqz67vioy4Ylm0hPtM0twpBbVtZ356DnJyZOfE0Uf083TrwUDjzKr1-LQ
SVo8d4JV4pxgn4e06fM_TL1HXtrcuepi_w6hcgaHtVxpBsd_,세상이무섭단말야,1236,I,401,329,True,False,False,False,PNJxCFlBXS2p-zyt2CZoSTRbLqxphHdo4lBz42UKx54WobKmMuACkBjRu0b8BNgLu1Dc__c1zr-WAw
HMkSi4rGWIbUh08BANar243I0nuddlEYZVtEtk9mSVJ2gW79,미드잘하는정글러,757,I,965,894,False,False,True,False,qDqjzppJw0CG3WfjLPWs3PtPAJfJH8YZjzK3xWT1y6zywSTPcoeUA7wXXgGKA8wf3X15gCBo6UQSRw
BBncdgcf9OQm7dRQZlm3ZdN5sJmtLsUPYWVRPhTflHwZbUI,tnedifnoc syawla,1040,I,203,131,False,False,False,True,IVi5RPJMKc8elx6f790CvFm_wLKGE2PoYF7NWBsYWeS-aHzf8mHeMBtJQEiykv3393GGgg6DsI1TBg
FD-iG5Bhd_h7MXSDIl-Q4UT57YmrVciS8YM_vySBvsHweZk,스물다섯번째밤,1068,I,533,470,False,False,False,False,7ChVAtNUpICspv7dax8RZfpbovvGv81NcZXIQx-QHd48V_B7rIGgcLk3lihStbzIOWbfHL9UEhgFYQ
EpW_bWZjKCZcq-qrsqWL46O204iTfABQskKV9RqJLwmSIg,Naehyun,763,I,758,717,False,False,True,False,SconWxndKmCp1Yaq4RR9sNMUH3XCM_PJOl13KUt8Z56n4GdK1XGaV0tPVwhEheNlMR6djA4MfOncyg
mg6n0Xm5Ie26NDjUM4u3JqOxFXbzps8gM8Xz5EjTi4zffXMoRwhDZ8QdXQ,blgame,929,I,704,633,True,False,False,False,bSawDEJnWEh73D2eRMuzLWQ40Zv3P_gNe5sR4LjiTadWiO0sZoxDFIO7-IC6yTUPckmqeLWE5Xul-A
CQo2v9ZeKVdAt2m-0tvyA27_dJcvEzUuthP5RPT973gmhUM,LSB DDahyuk,913,I,909,852,False,False,False,False,a1AeKH285mIbT2MmF53_Cf66D5VMlLnymLownq4Y5v9O7ku6RHZHoP2ka4A1YXSNCTf_lCCLGYSO0A
wUX2_CMpRoW0srdocCuC2W2edPiuFb6lApFu4Qbnqb-NVgg,아크샨밴의 신,763,I,327,254,False,False,False,False,l4uuDq7L1GrA__J8g1bJ7bP0SXgg-K2StF-uzyHfHVPgT9BzjBccMFqRo-tEKV6SD8C2Vrp29fJwwQ
pTovEwlctt6ku6CwjSo1Dk8gFLqa_oKRswRzwBfKGhNL76Gxqf_3Vb3eaQ,sao ma do duoc,755,I,1040,970,False,False,True,False,GRFgFAmmxE66H9AK3erZHCxPvUkui5kKtOL67ysWzE4VaJtylWGt_Y-igDYtLXB37CAge2mILum6cA
I84UYEoXOweoHOXH_GxPgH2VowB0v2UY0Yfb3EPdjZnyQkGvvwP1rnofvA,i sushi,935,I,107,57,False,False,False,False,FEy3jH--_HwP5mqN7SEgK86AXH_haVm6wlYRdQ61UYBFV4Ssy4h0Unn3wlCBO6SY27JBSZ9qCakZIQ
q3bBIWrUssTAfhDFtrLNWpqBTcDvf5LMmXpGZAHlvhMmf4A,제드팀 구글 검색,812,I,166,114,False,False,False,False,tlPQvgV4_Z3jUU0RGXd2omERiyeMo_i9lOr7yz5UPlRL3EIW14rdLYlBTuEZt_x8jjtORv4EtTS5tA
afuILw8PKc5mLY0t6XCfKho6X529Hw5fqAflIBdq9KoTeaTC4m3SwEqIaQ,supi,890,I,170,125,False,False,False,False,zSt2QuiiYpybRo9Tn61ujpFuwtSLRWV6nGoeCvFOG54enGPEgLa91QPKe_XqDe4LbcM3DCo0p1cbeQ
675mMWY2KNQqrMGqZbqTaEZrRlHs1Y7qA_5MoitzdTZbe7N2Qm9iNibGOw,zszzz,803,I,929,811,False,False,False,False,Lx3j5bQ6d2PRPr2oTHLUPj_th-tfl8NYKKCGb5vo2IYJ5k7blwMzyx6lXez8Jl95ibV8AxmqX4Kcww
1RZ5iHZbeGWrHKSBR4ncfMT3MSrmyfQUDJ3iJtUm6QcHT1BNY2zYtFfogA,살퀸레,1127,I,613,539,True,False,False,False,-yYltv1hr-RERo5tJ5fVJXXhkGkCu6qG57KdvJYQy-NBCPp-7XLbzbcwBNoH1e-JrP1BOIuka1xB6Q
NNYbf4n7evNOSiN5Vtt5KBKYxDi65bI2HD6ki1q9Opg1MoM,DK Kingdom,1004,I,1189,1127,True,False,False,False,cUEc2b8vMK7eCDk_cm0xVNS6h0KfEB5urTvk0H0fLvgjr9I4aRix5EeiUOI6jY2OPqGaNM1rpbTYPw
n1cfYjjG43PxWUtL8NXl1jpqp-QF-h8HB5MBB5quHcLhUX4,오동1,1226,I,1156,1056,True,False,False,True,YlhZMLa4K_M8IeMJkHiXmeuUTdu7QT3R7goKw7KpjFxKqnjK0ankxDan09Pb5pROCI9Nq4p93vk7gg
rHn4JEgmdbHHFXL40rdeO6QVMaMv-Qr4VNVXAkYym-1jIc8,특수교육 전공,747,I,397,352,False,False,True,False,QsISJfOmymTKil7GaRwvMHLzVtB0vODaNd2dwcqvomnd95TGqcFEBt7IrtAho7AZ5ooJ132Qcx9sjw
TsvaLfVjQ-tyh66VXBDruG9O2T-xGCcPGoqftiioI98Za8k,Yorick,939,I,630,566,True,False,False,False,BUFmgl7McJUHo1KJjtauFNVymwVKqm2R1kkpvNRMXQdC6gux4-LEypasg-qcd9k3Inf6hXN5rvl_RQ
_3jfV8Mogjcz0CLeAUbE1GCIcnaK_Eov5ELWnVInssfWeGoz,Fox B Mg,864,I,1145,1073,True,False,False,False,a1KyuCgqmnhpGJ5fN5PAtr6MFgC4Qb3C5jEuXg8hYIQjk_oJIm7n4UEp6oGx1nqzLEUiOJug1v7B8A
DoNbM6fMB8FSjFOCDtm5MMykmP6EuYb4J9uPI7QEnD3EGbM,돼지와함께춤을a,761,I,623,549,False,False,True,True,p0sBvB7blewAtYismPk2wjN_YilhnLNmXvvK0v-hoWs2KTEhitHO-J1I7bS22MTTeaPHgTN2TDaayw
BGZCL3mQh53XmNYAXckytKLnuFr-RSoWZ1HDrGs2sNUquuI,LSB Winter,1087,I,987,916,False,False,False,False,vITM4zcskHKWo-kENrx6XUQyt-AazIrQOpkNDd3OI1VO8raK_IWWv5Ifz1K1y4qUUKmBgDL1ko37Rw
hNpzqmWBYrzNgmXKoPwLGnloFnaKCwy1lvFOyXUlHSzg0kA,KT Ucal,1045,I,525,457,True,False,False,False,n9pEsuaOg3GAebrFLiMYzlcQjqn-c4Fd2NkbKlVXBZAIvrsUUS4bLfCIbV-eqzJrukD5zw0cecQ43g
-OQ0pOMgybTkRVTikQ299EImCRzg5EHXD7wyZO_B9laqiog,교육잘받은도구,925,I,321,269,False,False,False,False,MmM066X2RSCCx5CoAtpxPxGEhXwLI_Ti3lj5_HTwcUeOJIjIWlPcSxgtWhApsH3IeZfrd_orQlRCVQ
C8JHkEsayVT77uafma6HNa7Ln0P571ZvwH3WUkIuL88dPQ,레넥톤의 우람한,778,I,874,821,False,False,False,False,9pOb1n_DTnRZvLAAAVLpGSOXLfRh7EO27QD2ffyZD48K9JVeePIF94nlllM79WlJEoPjaEPDWOIbsg
ZbVKa7YJjHeAHldWPnuZnOKaqlYarpS9SKIVQ13DlgY2T54,Liiv gyuvee,1151,I,403,332,True,False,False,False,HJ9UlClxbwbF6H6Vj43UcPwDB4I8ev9rONZTsF2KvYAoK8k8r72yK-kjERXDetqzCcIsuaz5wDkF-A
XjHGuDFZLZEEEE8pboMIlzFyfVjW9hEhxBoyYkejCuYxh3k,푹 쉬면서 해요 ,1131,I,983,874,True,False,False,False,faqBwWus5YFWZ7_S-8y01KXHO39biopIKDjHSevlJ7ahJggoaZLJ1XfJBXsq5YfyzLmxB2mVJQQHow
XTgBo3VwfTNvOFSjbnYCZzA2VttWoJCvPxHchu8ncmJQ3xKUyV495A189g,00000000002,782,I,182,138,True,False,False,False,9qMmkwHGhV8k8aYXgVvBiLc22cupXHqY6ble4NuRGiYT91qC4l9ouzqUqM7EBED0o2RN0RwYhV52YA
tFkFEYQBZT-rC6jyjEHDYHtVEUQTUoFfmArD4IeZLgrKSnI,분신컨트롤,879,I,266,210,False,False,False,False,HiDl6vFXFV7PjSmExbnfwFIX2oKA1k1riRT2U1JiSDzQbml4foRX7-X1pG6L5-Az2fu1Rc_F0GtUJQ
R9QeOpQ0lO-J0XYSaO3WSVrT8_rL4pZwKHj1HtpmijK9C-1G,강아지도 좋아,755,I,788,740,False,False,True,False,0PnfstRxy8GJWJctoLCYCpND0OJ6eRqqLTo1KQ_NNFDJCLonmhifjnuA2UDeGqOEkSqDbG5ey2JTyw
rDEHglg8OFvoQe9zOeh-R3RRPwVWFs6EA-lTbc99XKRjfcI,은가뉴,1089,I,398,329,True,False,False,False,UyLS8MbT27PWbygpp6O8BQ2UU-Ij3lauBNBIKV96eUj653e9YNjZwSRxmdMR6JxBpevNUtU_IWf-cg
eA8_zBUTDQk3jgi76mkgoEYVWQQIMJ-jyOuXoTtpuPn17yY,Shadow HamBak ,1123,I,294,224,False,False,False,False,UnjsiyG62MmgCA9LVRvdX51VxV7TCODXO-fIb3v5lpJvdcMLLzoz8VOqpaJCSyCImWyYkLGnrZxlsg
NWG3BERakFw4aQY0Tg4r2iInEqHBbqQ-HXV2BA33w413-h-yIFkxnKSyeg,우제우스,1340,I,624,536,True,False,False,False,9YeXcRWOVZIK7VQqbAcQNykMoe4O5JRoR0cw3qHMxTQ9SXf1sm6eiqahaC8dqXeZ27-8PhbYFx9gdQ
hLnUzJpKb94W0N_UaDwjpjR9_jVeMmGCsbhHAuYM7Ts1hs4,Sangchu,856,I,251,198,False,False,False,False,pBXXyt_yn6meW8lAfbPHMeHALGviqzllw8lpmcAIR7d-98dxh1uIoqLNIcRJX_hF3k1g-096fN6NcA
VZYaYsoaUknlJUhPRGBu9aWSU0FBhr3Ywdnf1DJp9eRT3wM,NS Yusin,808,I,288,238,False,False,True,False,rBt3s9LwvA2GHjbb-PuxZu_22qdrcfhI5i7U0r-qzoKJuKGVY17_GgpO5p-W-7RXcRFkYXQNyMfK8g
Y9gqmwpH2t1oVJaV7r6c-8pFPlQzHFQD3WS3Z1QzeBHHLC7jQTRb_6z-0w,팡탈리,789,I,231,202,False,False,False,False,OMeZ673ah-_7nj7Gje-G5zQAr68sdrDn1rPLFGm-WdEFjXROjC3PhgNK-0j27I0pqDu6injjzFBmSA
7GDjKIFOa2bU3ybeWJt-JY-Kdjv1NXdo7vtHqAmN4ZO_qTo,KT Way,1116,I,533,460,True,False,False,False,ldvtnPInjdxjFskRAS7ChAMNpuW_GjlsR0iWZRMfc-8PCsAOPil2UzCDZwjHozuia2Xfs447Vg7ArA
3-zRSUmEeUk4hqrzy8t40O2XOhY0cYYk0u4wOaLCLSoZmA,Hide on bush,750,I,737,683,False,False,False,False,GVT7P_QNNC_0tYMS8tKayMpW63fuc7M60i6awv9S3T1R-714cgTIG5BnrVnKSbvyLqy8vTHxcKOB6A
v6t2lRPCpwdcS09EcTcB-B7NI0ykp7pA8rksNE5R7ubH7bQ,Fzz gege,774,I,284,237,False,False,True,False,6WGg-9qowLXf7sxJFiOuAeMFN7PjwsTYbXqEwMrhKkdLjGr0ilrAMwa-vxNjwUMWmAFqPl6LW4OvJg
7AVcZnFwqR4H63Jj2Up4EfbXTAPbwqPru4evwB-6AFsgiTA,almond bon bon,872,I,155,94,False,False,False,False,9VnutKFypdXnjsASiu9vwtmqqs2u9zriUzqs0bTiKvV7iAkvNaHNt0noOVmTp5KpY26rZwSkrQzy1w
ZI4bisO_Ofvgb5RP2kYVN5LKCfI5eWiUmD6v4b_1qecMgfA,T1 Berserker,837,I,457,394,False,False,True,False,c9ePWFOVYyQeBpmGbtnN_WiTRwb6QFVk9HuWMvHozbXUAOzFB7Eg5kxxVLT9ShuVuB3VIOq2MwkqLA
dYYx1W2lXHjPPkCESDOt87LW2x8BjunlHktUJkQDQC3Qga0,워 드,854,I,415,353,True,False,False,False,DprZ6r13P59e0xFVg3iZxWM9RKcahTNnY0HX_PGmCtH5hY47FRSQJ6iQA_to-TNldGcLUsTEq043ug
3Msc9t2Gc24TYxQ1e2QbleU8zGQ9LYDeocjkXbk-OfOwZg,엄청나대단해,908,I,371,285,False,False,True,True,rnigJVoEuiMAPnCQ9EyC62dKyLRGEkOEec7G5FGqlT5-Ogm5xQSKMiLkH6mxjM8cRRcT3ro4Xzbtvg
4MAdY_BobC-1kdDjOtCl4dFO6r4JurB1NxVc7EEZslpzlYU,폭탄치우기,897,I,780,723,False,False,False,False,fs_yDk-3uZ_d16itSpaaq2Oggs1n0H3vWhR6OIyCm-KuwJMVP3WTcosLCOcSRHW_zTwYQ6wPdf9hSw
4wTJ-q9P6vX2EHaqMC79ZePeHufaGWBoW3ODg6tDdmdfFw,Tadpole Galaxy,779,I,394,334,False,False,False,False,O9K-Q4be4NeJ92aAAtb-RVMbDmXzQszuMJ3tfrYfE1dQ5a_Wh2x50l-_yH2HqYd2Azvng9Ykt8Oq2w
fG8FgZ7CjCVUS5L4nXFdCgclmzE6X0zgOa-NPWuyOP0tuAWlrVTBty7plA,산속의 토끼,844,I,239,188,False,False,False,False,EkARLcst_VAFMn16-a6jdXN27LBX6Y9Gz5rfaJJgsHi4HpIMdal-h1iSb-x8oqKZcu8yCoDkVbCe_A
ultVpwL-6w8CtxT2am_2CbXwsbBxmeOrD2hARYO949SgcGA,KT Castle,722,I,649,607,False,False,True,False,tSRL3ffm4v0_a5RNM9hoXHT1Y8Ah5pOoEbRTYh5izMFldstPVPUcgquOIkGYLv0P02ZYj15Xw2QK4A
uvpKE_bT9t7isPbCc7JJ4zckU7_X1RV2kCK95HVkPd5vQIQ,Avocadoda,1000,I,561,497,False,False,False,False,pD1trx4hPk7lSJ4vLCcxR_jDg3y9vkLjRhNO9UM7EjAzx54xJlxKBO1nFxjM1fAsSA96Ra_tEixPCg
H_5BpcSlg3DmtgbDhFbNMNx5sp7787aXpm5tUgN6sqJfWq4,어리고싶다,963,I,496,436,False,False,True,False,jv4RN3Xn2jIiT7PqivsO1VdMoYcvJWj5myiNde8x5FoHQBmvY0dUFGgf1SzkACiv50fX1RPrA-FTiQ
kmeiF2SXrsQMSjHC9H1ioZoXIbIw3J4NlucSIDLsu07hOH4,듀오 구글 제드팀,847,I,438,388,True,False,False,False,qaFsA-suIjqh754_toQOq4QmAJh37ZdItZYfIzK5zwdYfxqhSFoXCWDKkyVHOK_rPJ0qgqNWZqGXzA
90YcvcmIUptTLQj4sEpvJtVWoDbymw9Rc-cO_GogBoGtaqoz9G6OVV_-VA,xhr,786,I,175,113,True,False,False,False,cklzDNNesCDZtdArq0qM7ttegPZ6tUAVFNwLURiDcTt2UuhyNTuM4oJ1-9EtThAsr-TLVcnnpUx9dw
ONEIl_34qpS43J1XULjIOEoHoObWRQPenN4gPSC6MoP3yWTFQzPcsUKfSw,세상이 날 억까해,803,I,276,201,False,False,False,False,IacC-YeAcPCNsPbBZNsLbBY_w43BvW5_RoyKlF316o_KJ4EKJau08vzlB_YHskiiXojkEdjZSrt28g
QKboNbw0H2OVKZXlmIB5_luLzYZGSisrLVAfTPDQ08BBgHk,Pnpm,1150,I,242,176,True,False,False,False,7TBvBaQMlsnz8Jm2UIoW4QbIzqZZbIMHmN0-kfqY9o9KQ4yS5rwmpy3YfVu-OPmylZ07rcyFcNEgpw
lL5lBDdgWxmFyNqiN2Yg4oiB-WGk9o-Mmr08hM2cr8twrHE,우주방패,985,I,556,494,True,False,False,True,0mqLylymDrsJgZApgL4qSGTqH_aIM4Pwg0qEG77dVA5iK4RJYXPcUo7TNx2S9ykgD4AtdhcyMqS-Hg
6yKhHQH7nrxqi-Pmi4V4nQKfDO6KLl4sO0CVH-OSSZMXMnecVVXkSzaVgQ,cxzqweasd,843,I,223,174,False,False,False,False,fP8r_nnIoa-N0wNedSVBV2xzQ8es3e2sUxc3OPaHgslNwixOSWay0s3-K7BGRNqM5o32mJcEdxRIoQ
bD_y_qTvhP4yM_8gwnmtv_cJFl6DG2OTeXJT7BNvr3P02ZI,BRO TaNa,639,I,917,864,True,False,False,False,PAyxQa61eDM6VsKWQS6N7bCZvaLrLEO9GymOpDnsFeb94JO-QGb-NgiIDYDT4gQ9mryQheIPOL0Bkw
YxlgPJKlVBdkaeuZwT8fLWBfaCE8qnWb-dWSIVZ-xtHLTTk,BRO Yaharong,887,I,1578,1514,True,False,False,False,hpjDZkaEUDK2lVo3nuIq45Qdd4sBV_xWfC9_d65UztuXaJvnOVrxRKomOi7UBuN4NB3m-sXjEFqciA
1v9MfBrApNofnkH2RlggbhBaItx8vwXTZ9X3ctJRHYIhubI,xinren,850,I,333,288,True,False,False,False,XwYfqfBQMUePbUnQQXm5Rd_4YtGksW04xNwq0f09CJ4MBXzKMTn2QFzlfPV3BBgD-05fVdN4Stn0CA
P4OtGHKcAw8PYtNhwtV6Y8Ic8S9BJx0VdmK8_NBI8xNFrfE,디알엑스 baby,863,I,533,473,False,False,True,False,H__vmmzHTd5mH8m6crl4b_-Mu3NWIYb7NxT2jv13Yz-q-z-i7IJTKh1gST2XKMEpzD4oBQNwDexErQ
0PcIyR4liHt97l3fl53ixuXBUYlQq3BfVEeiWNS2xK80sWhC,듀오강의코코팀,857,I,166,99,False,False,False,False,ohTAJCcj_x-PuHnDsWIMWRqJE5r6XCbakfU1eAZ7sQgRh0RfX51BAQiqu_VZ99J0b36wemu98ywZVQ
BCLJL6djGWOKMchJLLrDYUymtZg-FC-aP_4_Ub4q3DqqmyE,으라차차으라차차,1021,I,168,101,False,False,False,False,WOYBOh633Ddj3KIuTp1wX3IzR0AIj_-ta562fL_9i5Ma9qgx_sHS3QaqYHzAg7W-1bZJL4IhgdpJKg
crsXHrUny2Qz9plNonRvslm-So814w_0bJBqpkTEYZkYnbg,한영원,1149,I,327,247,True,False,False,False,bPXhh5_rf6Cmt0t-215hZh24T_Ffpw-yTCF7v5JQhem6bwf7H8FEOvQBxghis9IuPd1ctrGWKPkrAg
I6pRo3g1r1ujkE_GPIE5VyjByYTAqApELFpMx5cCNRk4I5U,하나둘둘셋셋셋,815,I,474,429,False,False,False,True,e6ENfu0HTqck299KfhsxxssqW3YfUhmFUQqXv-53BESN_bw4CiRtFY3XpHNdWEoCUU-4ndPqUhocDw
_jPRj_1tcI_FkZ4Y-ROCprUZs1-ISC40LVNPge-g30s7nA,시부야카논사랑해,824,I,608,545,False,False,False,False,IDjKj6XKJh0BVTh412zO8uPu3wTEbR00l2xi87qnr2qErzJxUIhz1FBN_x-N7baz7ulYOATIltBRPA
q4rfAgsyLS83uA-GgnuDKIapYWKT3VRd4x-4XvsvSwoS-m1FULkbX7RZ5g,byz,773,I,445,369,False,False,True,False,BbzsNi2EypwHPRvDwvJK7uO-i5xUmwD-kFuxL6CDkK-va_VmMRR4yJVtRx34SgCF28RXigtXU5FVjQ
KKraUTwutUJjtzzOz3sOQ707I2v_rsws1wlU2LGzbSgHwGE,나는 준일하다,1273,I,336,265,True,False,False,False,K5zREtrmdSXTDHx8p2Mp_aIK5ue4Bf2vvkJXteEdaFjcAPfpCKxdlfpV0r_kWIKVs4uhcqm_-iw84w
tZfiEoOhTiizXgQQFY-CMRK5MN3m_h0pBghhxgCbRs_D24U,Lehends,1159,I,687,613,True,False,False,False,CRdhJM2F2pGKCTAt-o9SEAsnYmSu6k4HpNalqnAhcmXQVFbVE91nPp9DB6iYoyr67BMrCxx19f5Q8g
GZD8rYkWG_IEIvsQvOE5b4H9T_QXj4TDpwWa0nEfIWGLFSED0teMUJx07A,구글 검색 제드팀,1012,I,256,190,False,False,False,False,dY_Yxezq0ap16Nom_hcHa9-Rg0k1L_GNWYDP8OXy4Z44B5NDYM2_wCUHAR3vUpSmbtwudt3k2s75YA
JqhOB4nh9UHzh1nGhwGJCy-eQxGGbR1b4GlmwmeqZwtf9sJyl4u3BtNOBg,홀플레인,814,I,382,313,False,False,False,False,Ua6-ULzWrNqUx3hTCTqrbkvPvmPfAMDP72M9qskuUDr4aeiux61UBDkAEije45cKeBMRgTi9tOmZBg
hpgUMkGDU0dA5qj4lXGcDSskc75PfeoSKTvqrEMDwLkUhCA,yyyyyzyyy,1018,I,456,388,False,False,False,False,X2S_MTm3TSbp6IWg76US9xrIeC-WWEMCU03sJDbTimg_cd--QYth3FlI8wPiw4g5e3MMosxuu9y8gQ
F4T6QG1BEGewDD8SHbAAcTxKWkIRKEQ-GvkV_BZpJCBMM0c,concesslon,1034,I,437,368,True,False,False,False,CMmIFuFqrl5oUoYD7F_hoH2FrTx_6ejelU5lK0xEckjyYoBx_EzdYK0QsC2iTKrABPip1FcZDYn8wQ
HVHXRSDV2X6uPY4Doh2dDEQlXARPuDwk5M74PnRGmYUhcuA,szygszn,880,I,880,811,True,False,False,True,3nz69iXkMrmnu2Djeh1UoS3s0QOpwuUBgr4h3h8OZpLFocURN2DX2ZUPwsnPYIxVDyrNIQle-EUDaQ
q05SclXkemsqX3XT4sXPOh9Jd7NHR4S3g42cNYLw1yee8ck,Pz ZZang,1147,I,273,209,True,False,False,False,EBMB8888JjAlS9hxHYJmRgc2-A-qAGVl4gMQTqwpzvr37i1fdpO6RaszQSIUeJ7JZs38pClMJ6838w
tfXlrXzT73d4o6M828lV2G_wtW8igJD26Ul-_LZPePFOzYkJ2yxLct182w,Slayder,780,I,1417,1351,False,False,True,False,e_iBG542HHoIISojYjNRXL5RHvbU1peDInd8Hd8bCP_Q1KuIqIivgDz_O9oqYXWHQjFbkWRseK3qxQ
UXmfSYR1Zz8hXx49hGvrPMWSaT02Q7pTorprS62YKhd_uYs,참새크면비둘기,1256,I,336,272,True,False,False,False,6Zha7LjNflEYs-KFFwjvaFtD46vAfgjDvej3dTMoLt6iEuT_0HhHqwKkSmy3gZyKAbYetGKTXfS2cQ
0jNyAEfh8J-47jlIuow4xvoY7tXVAb1c73qWbTYbAXxEDeQ,숟뀨락,803,I,622,571,False,False,False,False,28VcDxVnZOfrrU910NrAy2N0sn9GWZ-Z7vJKDVWw3GLByVrEoHN3II7DdTL7lMXsoFqKNQdq5xvw2Q
rVRs7Jl66Fk4LkbvVHEaFwyTgpXRQ3x8q0gvBzk_w3eUcKU,항상배고픈코그모,1100,I,808,736,True,False,False,False,YViyWbGZ4sUnhc_WiURfh9DqkCwaO0z7P11ORa6-qvGBvPOz4KzWNxq7uiokcaPL2VX4wPh78HPzUw
WuNktp-Ut9OA9EcUIMDiuocoaiPmLj13p_AZXIPhUHJ4xco,Fox B Osu,919,I,671,610,False,False,False,False,YT5KHS0DB9bazL4YnFkJJdCwrbgCbjI3utFf03bkvFJAYxDRsI9eAl23jiR94b13UsT2809PmEa_GA
TLjj0cpB4ipIGyeJmyIK9X3FvSjzxcg59PFHAc8UZwRiNw,자메이카흑인,913,I,663,596,False,False,False,True,Px6IuNMv_0em-xy8a3iPV8wmf2O217_uAUXdKe8bWiBEdZIqub7JuSBUieeZvUqCrHT9H0Xs4362Rw
HxyASMJGu6no28mXr9tBXotNJLAd4DMi9ZUo-Qncfu2RDzfEO1rl6mFXGA,Hengzzz,805,I,285,222,True,False,False,False,Ucl_4mVyLJECWjAGaPiDbr2NuR-q_EpF2-X6gxguT8YqHDUwPXWMnukVvijKeYLViADsbtLESXfdkA
sybu7cIOHwBK5Kz8XWJUqp5x1mWvcm2qwgDzVgravtZXEZE,KT R TOP,777,I,707,654,False,False,True,False,FMNYXZ61CeFundBCEoMQizME0Y_GuJyGJFmsQRjroSh_-eOwErNoGhpUOfWoWjimDiIIFKjathShbA
0TbN_T14rhSQiri3sEhRZLqtL2cMKykrP4V3ATZJZiWnALs,AF Keine,902,I,832,783,True,False,False,False,AOmP82D5Kmli4_U0YCzMBxfD0--eDMl3L2lIQUQl2xuneSqsyUBU6hWXOkQlOXRYyWXOrLtSHgCscw
P5HrnjCoIn-qJTngKDLLjFNBgCKHaHsWSuxGV53KnVMRET8,달리기 왕,788,I,246,202,False,False,False,False,YwF71ZPtvurHYdiRNyEwJCzg1TjTUAj7tD2FWlpri2rVLUXFLmxkprwHlSbdc3T1GAxfHEv_Hag7ug
X6K6caZCDXbJxyatMS2Yjg2WXI2EZ6Ay4b8bH6JZC-nMEfI,GGGori,1311,I,436,351,True,False,False,False,tMGhiTxWCXkrvm4RaMIpFW0gH3VponraFRkuVUXFzUIMd4uFejV8SiYzIJvd022WCeiXm7P2wGPbRQ
70YqShmbGfDJzttX34lO-U4MWxYMYZJ0OqL6EG9jvLevp38,아프리카 아라드,985,I,337,271,False,False,False,False,3ovYGWau-Ts0zLTJCzwirsCjRSemH1A7_ERgw92QRfjM6pfR8aBViZCIyfQmzmqQZjl-9E6Fg04xWA
wfcF7yw9yILJd7sryTKLGmKgrRg5Qqcof4Oi6u42WNT-0ylJXq5B80Silw,Shadow FA 03,1206,I,123,59,False,False,False,False,01Z0GDAiUTCuYsVMxyw7_UB7myYJuP7ecvTUasbw7OiCDsJZiC3-7Am4RxpVOXgH0lLMjqxLFWhwNg
WZ3lvjQwduUYnhjL5WIHR5e87HnPvQN_ISucjFNDU2zFtpo,아이러니하구만,689,I,746,698,False,False,True,False,mi1jzbmPQ80TwGEzUduU5GR6ltSmA-qTYSMgAgLbxMzkOneaVKbhGXPUS0algmX-DfWPmggcFmym7A
g6ijWfkQl4juofX2Vxk0Jk8iYVBmFbCtIhEJ6jBZyyZQi38,어딘가좀아픈사람,858,I,907,850,True,False,False,False,UfE6SywQXAjnWUr2C3dten0tl_ekCl6EzbPBeCLyv4X7UjdVpx6coLmgdeVIJombDwSU3nByg6O0Pw
xnaDzJtjaOxu58XhaCookgijwLu2tNxbwwf2muwupcUdv94,쭌 베,854,I,941,888,True,False,False,False,hQ-PDeFN9zEcJpLmE1kB_4vTdlxnS3kV-SKuXK1oeq0m4v0VVrSguwbVtt0-9GP12j3Hxe917UedVQ
_4qxnZdiK-0vdeEMP2p1LW_fFMYTkMT7ETFU9bmh5mhRn2E,Seize the day11,866,I,353,305,False,False,False,False,QLeGBQuzYVYYd-BM9ziD4eJ9rUWSgO3viJdQ29rAUcheO_tVaiusC1POpDC6D9fqDoLPsTrf31RJtw
Sb54p3BZzGrULgE7w049KQFXH0-ak_fHCiwbxtueTWSCw1Zf2qUdB4pMKA,AASSH,814,I,600,542,False,False,False,False,xDr8bGto0wRc3B7zpv2DAkm0udq3jeIyvAiLbF-_QGkxiHEZk3fyY-VDYF_6qAn0WIzu8-J-pka4BQ
-6IH90_IZ9g4LyE1vn_NRRhVMbCP8b1cRTZtPUf2c3xzy7c,용호야,899,I,239,197,True,False,False,False,flSRQ0H7Fy2nk6u5cvRAj8Nhw_O2g_l1d5ZI11RklZnT0mmFyOeVPeEhViffuK-xtznFKxpO35ILGw
yCtwMX8YU7IyxIjNoDqgEJVdeGd3zZ7ltrObtJXNd9jfkZU,DRX Kingen00,1317,I,680,590,True,False,False,False,9e9zLIxLqAKQqvIdbTUqf-s1h8OOvZx4v9PjcUpqwFUBUCckZwAGbjpZ8wMN-5WHxVqv2dpJO5Ex7Q
-YVS-CJ7pSJwdtx5gvLAeLibXHPWbfDMTSXZX8lNr8yMfVs,BRO Hoya,1470,I,409,326,True,False,False,True,n-eW5xbtYeFrqsBpuEkTYXa7Vhgg0u6oZhd9sbm6q3CsSfAaByKhY5mRuuaMDoYPBh7rfoLg-FJ5CQ
_PUrRpqysgYetikjXze8IVxN3LCXivH0k8weIhQOIo_cNqe25lB2P-93KA,P90MY,749,I,195,133,False,False,True,False,nJR-iNKj2M-hBHhsqYwoR15OyJnT4F3gz-sWZH7n00RG7ZpbhGWqSL90DLh6XZtvSXGIYa62HXQJ6Q
ooEr3zrcDynXXigllb7snhogVFslBsXmxtm81frTMvMKKXHm,DK Lucid,897,I,780,714,False,False,True,True,WDr5SQZYL07mb6UFqnSXyJvE9TpumBhut0U1fvEtAZFakQA989eJs_pZ8EgqiSztRroEmxGY6Va6vQ
G5AA4U2vHF3IARAubNUckCKVVrgpwUBk1SyIy80FfWlA94E,HLE Bautt,884,I,554,501,True,False,False,False,X99Ho902_ainPxXhKSWclnUzNTT_0MMnqg_3igjlFs2QWxdkmEtbRXBDGOWUasiqs2xMJuKgoEgkQg
335b3WaaHtf21zg5_N5WCyO5gsfnZ0YcdB-El_FdIcb_8DSM,소년가장 원딜,754,I,368,327,False,False,True,False,N_zdoC-e3OI-ilMHhcXSUpwi3uIYVi_b-8vebZLPv-KUpjoFBovgF2j45zoasU_HxaTft3K1tncBoA
TrqvpQQaBYZq3dbg26b2mJivy4v5xmObqtUHCcUIxQv5eA,여름아나를왜물어,1004,I,339,268,False,False,False,False,55xGg3eForO0uDQeMlh_kiIsRBbWvPtvYdZ2kcumfAk7c1rsLyC28JEjO_8JroFG5bcbRtzY0F0tQw
lE_T6qwlLpibghkqLDnoz4hr2LXtbOhns7_tfEFSN4_11Tk4iUv9dJez6Q,윤 슌,722,I,169,127,False,False,True,False,SV2N5R1WRphr_W_4Ic_mRlKNpAb6863Phi25AwgkKrAFM2-8D1-RXciGHI-L-sw0YEGR0q5RbQ3SCw
fxoXIP4buxGYkqLxVl8Q5iQNgi1Rjq2Z5lxCXvKj3w69XVwK,전서방 닭갈비,895,I,611,546,False,False,False,False,Jh72pEzIcHLKZNa8Z7EGoYjp7O85GWTRdalEmrN29cgqDMTM50qyZy9qvaZhGa_W1OjYoBkIDdbKyw
1Tou70O2fK8kq-NRtPhx6gfF8j9Yfp6mAL00XOElLZIHLuY,아라드,805,I,347,281,False,False,False,False,Z6nPgzImReUMOjhQdb344CPqhQxv1HKGn-shfSzMekGqmvjP6u5VjzMyD0JB26rkVCT0ZXzIB_t90w
ola-kjngXu6WvmgA5MvOMatCf73W0Vm5x6OURNGkp5o9sVcSLpln25ErYQ,날 건들지마날 ,798,I,189,141,False,False,True,False,-goFwdODSavMvEGZmwXQW2-T3zFj33Ph3gNMtogcz7GJoOCL32caBZ7MTSWsUyqLajgpKjC_OBEpoA
bVp6z6tDYhVMPg2HX4v0NL3ieb0JSe9VO8m77Mi0SD5RSC4,갱붕이,1262,I,1120,1040,True,False,False,False,REBsnoqaUt5zBCj5HSfsrd3uIVSckDWYfzBMciw2YCXdCPDNKNODpONyioBBwvoFhlrdXU4HsBj5ig
TfKEKPsQUyk8XADHrLxz89iX6kqpJwVh7UJXRKy6ary34Y4t2fVtjUYAdg,Firefl0wer,875,I,182,131,False,False,True,False,Q9Fl-_28Wugy14Yc0XCA3McFDwfHD9WfRo5eINtutbyWL823dxXY9ffibRsbNBZ0wQN1lef29Q_CHw
vE3Zl2Vf34etZwWxj2Y48ffyHrv_sC-YHUFZSwovU30aVxY,원딜은무기력하다,838,I,197,153,False,False,False,True,qs0qbZge56pHPGUNQGk0kYwrWfP9ZqtAkpDnRPvc_0_m7vcFoOsbivkMHGHi_L5qt_Mnn9ntYQ1GQA
Cr4Jx1Oa51qdoNpDS2SuWMu8qhPPzNo9c8TLiUVVnV_CyA,Azhy,1110,I,560,482,True,False,False,False,tYSQbEMhzayDir2wLo4QaXCdscW5JVOMPA4C4Uk1LUsMwyH9-yvYMN_OddBWNuU_XdUJAS3UD54Hdw
merIqQVhXl4T61KK1td91rgNG0G1pZXr8-ouHJThLnVUQ6s,MNTNMNTNM,804,I,734,696,False,False,True,False,oBM6-IYyil7LPK9BmmlPmqGtQzdxNfI-LdfaAGlpdJgCgIIhtqQEGJYBj4wpigOxRBgS_f4qGjAFhw
B1iD9NHDtAzUfLjWfciHxTYN_mkid62vk4zCWzC7LG9JyhE,곽곽보성,1029,I,623,541,True,False,False,False,O3BVoqhb6pA9X1NPhkV3PO7RunJ-rMbcvtKq-PuA7VZY3AhRB7Pc9Pi-kQlTUaeAup_PKZ_ZwLoJgA
g2Zlq6JnSGeBa1s1kYF_y1qRmeANkopyHLLHHZPwy6zqTFO-e8WTrVPiqQ,어리교싶다,865,I,178,131,True,False,False,False,34EtSYzWoEXJ-GV9b1fC4aZMR84mLR-Z5dlA2zlYFJLmi2YilQhKuDvqypJxcDc_pM7CGook9q3mgw
1J9iUDAAHFnB3bB4MAoMFI7bg7QqO8l9EKJUsu2GtQENkx8,완전무결 플레이,811,I,798,741,False,False,True,False,CD8nGJZoxT_J0hAM5T2yhV7ObtgNwpuBaUU3lNWDPo8zJIK5VLzkdJCf7YFezkoFvQaz5gVPmeqN5w
svXfElfJryzI7m8Ky6Hu8rnEhvRDLXOes3AIweLq1aa22GU,조까안해,770,I,628,559,False,False,False,False,jddrG__fTsXlxP0YOQNeWAHsj5MZvtDCl12vn0sesH61MpcGuUREHIS6MK-FsfvDMwTRom62PoDN6A
yM6WSbjXTblH6-6RMthTXGkj6xbbr2nymMbnmIPFTBGAmhQ,05프로하고싶어요,783,I,399,343,False,False,False,False,ZxENGODybcnIec94TiM0zH-o_X7a58qA2WeDJ5HWlMdyjxaDLPS1apazjg01nPp7p5PiUhBTTBUXfA
o761AFB2Uy5l1Vo1b0f2A60xVJPmuXcEgL9-N7WzZCzNk-Y,EIderwood Azir,775,I,565,513,False,False,False,False,dWbGAs5kwitLcPO8oOzJeItb_wKXw8OgJZ7jhw-h8HiQBvK5j4EalKhMWQiRjxONxICJIpBjxbpfgw
ScUdDp11W6_xqnba2pPqQhIFZp7L4Uv8PXCfPt_b1vjgRgs,아이린,1041,I,429,367,True,False,False,False,hTmir-Wl_iqZTdOOqJdlV7rFk-Kt7cUVbnre108ZwUeX-jCM7h-KfZBy5GrUS0HvTo361bGsKvLPjA
9CoMGA1GRl1WwP9GP6sWR-NbTrMOWT_sBWJezByZ9O2Ex7o,K T,1124,I,385,310,False,False,False,False,Oib9fZjxfDo6b6MxsjRRlTp7Q5Y7i3U0bmMJH8Iw897rpd_342cRKEfA-_iMdpe4PQiDhSOh46RzgA
yrbgUP9xdl-lPf0MvOjvgYxjdD7HGhQetfokoPBBmV_km84_VMo1HTot8g,Jh2nhj2rjoh,1151,I,693,605,True,False,False,False,I5bjzwy2xGn-VYKc8QP0yWXTMnz8lqnaM3oEhy2HpYdc6Z9nGuGDMbOvWW-HGyHlkfh3w_xhTxWC6w
W02ZfwoYEbsY9zsKOO2W_iTBRr2InBzxW61Wx137NgCmMPU,Gen G Peyz,889,I,1048,993,True,False,False,False,DMefNrfNhzihKR2_fQRxndRvt1c-uHwEb0Iy05-9lVYGsdxWrIjNU-jZtZwyJDGRTOP9ID_n9sEH-g
lfurPrSjwv7DypwKlvPAH-dD1pKi7StufgsVuKmjIDGFRmQ,정훈이의 모험,888,I,333,279,False,False,False,True,AHGaJOCtAuZm-AINFWk6f_-X2K7RIwtvo3Q0v8F-guAkAcJ6OWx280D8nm0SiTcxFb84EAfRh6bMAQ
NtHt654htF5YmhAbqi2NjXoOpGx18i5in4wpRDWFi7DAGGY,유튜브 엉덩국곰,761,I,149,111,False,False,False,False,pmeU2psufe2Enunmmy9PK4kb1JgdTA6mRBz9BD9dJnotTBnRdPO-5g8Sivw8RCblwHHVnFLuAQ3a0w
W3tMz_fgNWrzeGq18gKiHzhns13gFaJoeGvXYqChuoedtxQ,jkjkjkjkk,1216,I,1271,1206,True,False,False,False,52SSWTmY9Zow-TeOoNUrrOZjAehXNtAdvhx_jij7ajdpUJcPzxTIDTRVTYxEDUk5RyrHl1FD5IGMAw
JA-r_k9KkFPS_0uw4y1-ASjct0h6Ma8-SsT53qt7aVwV7kbXCaZfiMIEyg,chinajugle,1109,I,120,50,False,False,True,False,wLmuYowTqd6IowMqPRQ5CcOaxCWxvdtdRGHoQbx7EUbgCADkA7XJwElzgjHtlE-8D9V9ZJ7yXAPI_Q
s8VXtoKx-gz7aZqg_x6HJkzL7SOU70nfgkzbd0AkN7wQ6bA,짐승 짭종 인간,956,I,726,658,True,False,False,False,-uTZGgXMJjdq-0f1KnXSt7gf1rXAQZDJggUk42ikF84tRsrq9MWnvXW6mHLxAhJU0UnSJMyhGJJq_Q
9rkOaYEi4jRC2NE0zprFbcXWUzonxaOumAEwVyFUGwRU-f4,Honpi,748,I,1095,1048,True,False,False,False,3Udk8hYPObJQNWw9jk4CVEQJH35dgAbam8KR1VDdq6_sBMFv6tpDy_KwoqW0hlNRgSYpX9jxvyKCqg
I1wURqaBvBfBtwyC1kuyr0hELWI3uJZ9S2S3H5eELJvac8o,미드조지기,799,I,1058,1004,True,False,False,False,6qPTFtvrqiZx2qo74N2RRSn5oc0_CoAUcGoJvYvK2BV5g3ikhcz0690spZUzMaLKuGfFDcXCs2svIA
iSOMhI1NccT7B7mSJnEewf1_JFFstbt8FbUoprjJivijuQ,원딜연습중입니닷,796,I,152,98,False,False,False,False,8B3n0QluEkzRVybkE9wp7VhquWFmjQvPmg3LSboZTpA7j_Mqfz9uWMUm1izqi87vG669mxPxF700BA
4R02yQz38QMiSS0gpnLa9OXFS1x4iyDnFSYVBqGIRolcS3ZAldeUwjXbGg,502 Error,1047,I,126,75,False,False,False,False,fmLNMM0eVCjo151MIKxpg3DS2_A-b975d-LhnouK0JqdBbs1IXkYDOLBrS78SkwtCaDZhgEXnjVwKQ
sxM4k6T_07nkAB8Z0KxYadR0LgyGBG97G8g_uF3bDm1WQLo,블루리쉬잘해요,765,I,845,795,False,False,True,False,FMAP4LvhvXQyjOuHjZ6sazBRQarB71W0VHMiKrQx-0Kp_nAQb-sZfp45o3kCv7rfUgJq6EAckNifhg
IH0750-XG31P_xqWFE6MaRQKvw_VtrM5V2M_B-EXUupI6NM,쿠자니자니,755,I,352,311,False,False,True,False,QQ9QIKE9VUVvBMZYqiLRLH0jpamQ-5cYbzQF7laO7B2yVZX7tJBA0VnIWrAbYv-Wa0c8F8G5P7StQQ
lquvI7l6RZneI_Ofc3IbqrxFKCQhnAVTdaV5bsvnwu7buQ,쪼렙이다말로하자,1664,I,900,797,True,False,False,False,IA80Ui_WPYynR_nH7BYxBMsAAb1lRTSlgpbW_kH_IdxubTqAlNIQDSjrnmKU9f6gRakWZO2ZfE6vbg
ME_vrlRnfFGq3F2yh2GYV3TgF3f0gdPNYmwhxuLp0h7RUak,Let me sup,1296,I,943,857,True,False,False,False,Lrk0XHyyGyxvXHdcn6kUDjQSB89kqj2kTmqZA8roPzxZ-NVavKR0AvxXoYhVx-1Oldx8lSqGfqgFBQ
DUrBejXcYrypSZJAOE2bL8hBOkOuogRsEAbk1PmhK1siboo, youwillsucceed,755,I,651,583,False,False,True,False,kR-aA6wQcxff06aFb0AiNhpoMA7yUA0ugfwLphDFYa57ypfKp_X8J0jubmhLMv4102dWfv0wpvEVdQ
6mFQDJCPdppUqOFcN_Q-NM7xRj1wK6nDYrVNpLbmJd3LEJ0,BRO Hena,1146,I,1144,1077,True,False,False,True,822G3-WZ7agvqksBkco9t07LuSBSnh0gJIMU6ZKimZjrEOhA3ihhP9JtdQsWcVzLGMvLywtbKmVMUg
o8-mtzaeS7vi-bXBDBFg5Opr-AEwRetXqfq6vWyrj2-FOqA,UPzhao641950117,1226,I,518,424,True,False,False,False,tFOAITtQUUzCnO5oKLpqFfZsugD0H_b7jSel0BiyfjS6jIQzmNJL5yUxRIOudewezoxWGQPG9ksXSw
2hpMVftYJ9EtJZyKKuE0TFmENlkqQQLqIDwYpmEiQCjND4M,문효준,801,I,501,442,False,False,True,True,YWXrXmmN883qw8MXPZOZGx-dNGjQXPafWJuzQHP01JNBE8vsvzSER-O26w34yGnNTr0jfcdCboEv-Q
BAcrm8Zmq_rb5AhysMh0adCJrALk4OJsTZC4gtfV9pK5QBQ,호잇이,1069,I,842,776,True,False,False,True,NzvmlInnjuBASEEHiLuN7Rl96S29wZy3OPZh4gHQTyhkL8AKBOdzPCxEriT82L5PuhYluktiTqbb5A
qsoecSWREeqBZZKyB9TusNrq9maIMOilqumJKu6zsDYcozs,행복하고싶다하하,798,I,632,586,False,False,True,False,Na5xvaLI9J1D2csFnYagqbAlcPOoBIFuWMLx8PmCchvfVHMRyD5PcJYiVLfvZ-jJpSUuqLh9-vMmng
3ytAO5eeJ-CtadD5GC2sWVOIF8uNrWla8Z6RBqxbw8VjNKc_wV0XFQMoPw,Danrenguiz,620,I,215,159,False,False,True,False,YqAM7PYAlbO6_tzuRTXaQeWkPf-K2Az-bEi1OC0b6hhL2OTp84GHph1JVivyP8mCiskU5dEt74NAjw
zlsD6gVhZGiVJ7ZBX4XPi1Kob9ih7CPZpixPOET_Wy2hXjE,IgNar,960,I,326,264,False,False,False,False,SgkXy_2iJhAo_KpORMUuoAJL1h9UHDCaIbVUVFMpbUWj_9eOz9KFLKKfLMUGl9NRxQAUU-Nl5P9Y6Q
DzyYUVgWz4rg1OhSgOXetUJYlWX663aT3sWv3SAVLVSeH88,DK ShowMaker,1125,I,347,268,True,False,False,False,4CF97Db6MVdWWy2b8lIgqrYlSnh4PLJTCNCEJ2qXhngopmag2hEL_mq4cZFsoQb4L-BM-IZDzVXeHQ
OFrtQWTwCBPAMdF6be99WCzcHcuRNGuvrHk-HS_J5iETNJY,skwhadlrlffo,786,I,902,861,False,False,True,False,HxCiTZWPB8Tb5nyyZBWkJaHgLc3WRX6MV8mQyVi-jfvsmMnGHqKQzYlDkuSQUvCQ6y61n10L7Jf01A
erepXo__Rj1PTuUV5jbINFntkHnnZIbzLaEcGBPeSn3sQK4,zxczcxzczcxzcczx,757,I,584,525,False,False,True,False,1_zz2mizYO3ROcz1-5_tRiQvseRnOwaWFdZJLbk7JGAjk3c9U3iMMmMNsSSDfgieBfz__yymYH64Ag
snk0xq3SpepfFuGEPT8J2bf_AXXWlwpmvbCfWHzZ3m2hCg,tulufan,775,I,274,225,False,False,True,True,j-E2luoiJiEduojXR0HERRN12uoOagLxXb0U0d_ahXiKAzuG8yo-ZzZA4H7RVEe-72Oaus5GOy4lKw
fuG3pY1ecLJYb6biFG_cNSAvgSuNdXKg4M7e3JhslwiFiPc,칼과 창 방패,1074,I,316,248,True,False,False,False,rXqtaLI57gH0dKzXlGNyT3QOOT1sqcrn65zUEUTzDLq9wwnKsaLMfgdH_1H_mvVCLy3AHBOa2vlRuQ
s-CvT8e7ORj5PFTp9NeTVRFPSdblHq6hw0sfJrX5fuV2pBYPvD8q2nvYnQ,햄스터쳇바퀴인생,786,I,565,503,False,False,False,False,T1rtKNymsYBRhnoVmYYWZcH93THiSu0pRr12K1lnMY3KAihQHKnAUJdTLS7o2Nt65bvch28qKRr0_Q
mAqz9PfVrywLSTuGUl0iDzQpqESHnZBC_QSo5l4pkr5yQvg,Savage,944,I,1266,1190,True,False,False,True,ipQZiN0ryU9ZN0bP7EnGp2Kr-p9gwo9HhbIUDymD5xuoQpbpRo8wibmPgsWOZEhOBUZ63KAGvqlviA
DBPNRnDTdnltongjWEBtpYN-ANiHXIj4Oi5br9C7imW8Gzc,우울적울컥,828,I,568,517,True,False,False,False,EZzLBoyS6UgJxvSlatweEVsqC32VMdN8nmOsVOaWuhZabOd6uxhsZ_pWLN-2fCIRtkyYpgX8RvhzxQ
tpix-12eSAz3XMsp-gKPeSijwECmh-qQiXu8o0xJiGAUQmc,Weasely,790,I,450,339,False,False,False,False,oRygm_qN6G54kXifh6h73mHjSaNmULhoBLxl78_MGSOR5W43H3OWpiOarc2PI63ixiQKGaP_widmaw
ZubQPLAG3Xr43vukRJIfMsZqqspJps0O7_WLH7sHy_mtuPc,FA Sloth,792,I,336,272,False,False,True,False,flC4Cy_8jS-tsQ0mbLMnYpr1lofql7YFOx8N7YeEr2V2XdYyP2Bf7CiEJBCto_3hHQvXkeSbPpc5_g
jMmz948QG9cAJjCgPwn7ybZQTB-LYHxaOxXE1YSVfZ9xDQ,FIORAKlNG,926,I,305,248,False,False,False,False,5sMi5X8NNGiwt7V174t5bD1XUpWyb6HLpkpW0gFOFNlV0oVA_LY2e2RT90RBNzjZ7UATiZDv7FPVhQ
CoC-LqSWIQqKOaLSMbZub_c9TWiBqQ8Cv9jyDH1Yc9ee4r-OFcGBPCC43Q,사랑이 하고싶어,1038,I,316,254,True,False,False,False,wqCnLaJTeiJipZ_OlwRf3jHYKAhMtdtz9pBy_k5_T7YpNHtr26REVTpAldTWM8Cce1Q1mfMAi4wyZA
W2qFFcUYk1d7a56g6HpAjnH2jvkb1ALtwIEOHypAfebw30A,BRO Delight,1163,I,789,715,True,False,False,False,w0cv8JVlXv4Zhuod1ylAOpK7khsU6kXcLhzXePDHe2EF9qdhaELW_8ZolVMLcFVXvO-lUJ_xuNrR4g
ikldaKhAVN462SZ4HPw6_vP84J5M6m7eorJgmGLbjXs-0Pg,Gen G Khael,1020,I,455,402,True,False,False,False,dyPL6hkxO5rtgGLVO45CZ4uWbvmLyZGMBjoeU4Y2TOF3VKIqdCB3rOKmbZIKp03JOvg0t_TbUKtPPw
fQk8iv2CL8CWQinF8_mVbfyYlzRvpH4KbqEIT2JII4Tr5YSDb7m4tKrPTg,FA Young JG,948,I,282,219,False,False,False,False,IFHNDb1SbgCLTAUYAN-Z8zAbjtglQUpbT10epJL5fcBCnZIzlUYmGoccQaxsiF8A9gNZqFXR2hFBDA
yU7aCySRs2xbSwz3qy2akA6SDLsndlxmaB6Y_hoS5M5032I,구글 롤 제드팀,898,I,337,272,False,False,False,False,0GIXpcGD5TzJdjKGSNcm-u2D76FGacMOeZ2dnPENcIHW5uNm_iKmaWX-HWPVWBTg9UBl8hQtdodm_w
leEbffzlknYf0MKCwMokJ0VCX2wwwiuzQ6JFxkGhPcrBKLs,구체맛좀볼래,1106,I,224,129,False,False,False,True,GKuCIX42gbj5NNrs6tdiMFJhTJzHxKj3DdOdTmd0CwTFVthx4xOtnv3emoZCEMLOjzsPJWwRPXeIJw
oflsd3ltxwB5ETWNI_RD867mqBqTCpddJsMiGYjEToodLvs,사랑하지 않아,962,I,249,187,False,False,False,True,3-Hljpr1YvuPp0s5WYaMCqATqGDmprQSsTTQURk6MhiHzDk3yCYoN1wOYxPzbYrss0HuspYEDJhJ2g
2EDS_k-65-c9rgGtLjAjuGfAHh5GYaIRJLfV8qvt4omzoLM,수희0,757,I,471,429,False,False,False,False,KQ_rVZnPaEyWT1mDbGc-Ey8q4ffsTbqYN-c-yuL3296H3xyO5TLnPZUe0jpLyko9O46D3zrDeCKljA
1ZFRqgXQ858BxPvH27b1H9OZJIL8SFhjSG4nhGl9s6Sotjo,mingjiao,764,I,1105,1038,False,False,True,False,q434oodxmif96zaTXNZevHcRyyIZpXatDJAbMT2thTaPrn-MuBEtl5btwMfxlDt4zPWybLP8Hiduaw
qeFLTPgS4nWQDQbwBLGNmlEmut5C7ToQOq8enoSFdVWXJlEk,Aileri,774,I,268,217,False,False,False,False,m8ojyjs5KGpUG_KWV7r6XKV3wwUNyj2ys8sG4vUDpsry9n8IESg4g_MgajHs5PU6xLjZyDO2Yo77Mg
BaDR_21pkjZT63ZEYadBDUKmoA47yi33rLBDkPtWVXbK_yY,Gen G Quid,1072,I,1403,1321,True,False,False,False,G-aq-k4AtP1d6TAz52lN9j31VswO-aRJvN1PieUBBXRwZym8bHpSDCnnieIXHCZwX3qStL3xamm6TA
ZPTTlhq8EF6N2nFnLxT2JpHCh3SDLK68peA9633KjumgC-8,03 프로가능할까,829,I,499,439,False,False,False,True,iWvVWGtXXxci4K68dyHg2DFVPiH6OLmWZ65Yy-FoWhXkbUbOLVYAm4BbpRzzTiiSd25mfiUiNvbJVg
CcwCAPp7ZZbOB9KaySXkph_HaVB2cRSbDLLeMNbz5jSypgH65olMhazV9A,hong he wo de,1058,I,732,651,False,False,False,False,3-mtL1u7-SVgh0BJp3Rx3m4kHOUZGh8WtJfIW0MZjzrG4aXNTbG8lc2JZT9JuZQpHHZUgnd5a3Nl8w
9EW91Iv1GCHKXk1cEubnBFyUYXF7zaJen-PieAEKgCBjjbg,Youtube Hongcono,777,I,256,209,False,False,True,True,kGnbP1DH45DLXGpJPookGq02eXk3rZr1bIrdYMgSVanGknIBpmcjHVEy7zyqiW1vT_srV_U5pveJxA
nWDl1uCnrHXhOobz5hRXItRUe7eK-s8MBNbxp5rrNfQDUnlIZnbt2GrgoQ,New ADC,977,I,239,183,True,False,False,False,yhClWyt-OpvoAjafeN0YVKRV1P34iKU1R3fXgC8qYwscus_9sWbTzBeBHFK8Bwv48Xoe33On-oQCTg
AujlSMNBcwU97cEzBMKVmoZN2zVBiuqcwLGN7zBjWlgcWZk,Gen G Burdol,814,I,288,215,True,False,False,False,5YQIayBufoT26IobB0nxMWv3jtrIGvYSdGnc4PdNkk9yQ42FFIx0Uq-rYCXtIwIjsEhAYA1zC5-NAg
ML5LwYjCto6zV8KAvc_lO4QcHRK3BW3YOHtfhApsci9wlfk,T1 Zeus,1221,I,520,449,True,False,False,True,ZCq8tWGK6iwCAnXXWaI-acRPMg0ZkF--UahcX_-9gkWg1ud0n2XaYtORm0OtnBPtejiZ4SLyGWXyDg
mb-Kmmte5C7ZPASRlEPabs8wSDWE9XN3pfaQXgjsRxcajSEo,Mung,967,I,305,223,False,False,False,False,kk5V45y1z3oGLxRzI7sST3ZeiSRwr-rxvkkTMQ9ZyhDnBg5-ZmwimEAcYt1eITCZCLBP7N5dR-iH3Q
_JSBfAxaXBhuwGqti53RQ9dZJqVRwsTzffO2CYLF2neSqXI,이도류,834,I,582,535,False,False,False,False,oMPrnx4UHgM_MU7SfT7EwzekgweQJ9dVE-yCGOYEmvgM3Wx7lZfDF8QGC1tMFEF2xEdHLLlJGA4lXw
ej8AT1tl6qB7r1B1UgBIYQFbTtaAflkVf7clKi6w_2G90xQY,04년생 원숭이띠,694,I,263,213,False,False,True,False,kXiDZGYBW0bz-DOQAzs_b7M-MqjLgA7k8CmIYcgjzBkRcnx2E9hBe3H7tiJv-0VnQEE17iE4q0AmvQ
rjWsSGPtCDKJKcdv9UlCXrgHzfdRU3wbrq5CAHEX9xC34g,SnowFlow2r,895,I,319,264,False,False,True,False,xjLDo6I8PTckOY3AmYAk7eQcuhjifhXgJq1uxV2f2NO04YwXIojgHvO_rY6NS7KYHzq1UgsDJNjr4Q
y0q1erDCCql-Gi9TxSk7ql9nCQSGVjYlxmb46RJwFNM4vDpffIfBWkvn2A,나도 행복하자,763,I,148,90,False,False,True,True,x2HIDzIzcdpO9hyweYtuJEqM19vAcUBd0wrVEkt4c-JZqtpfRprIi2sGlAHp7A9AQF7fdx_WGW-aUg
vFLuzHiuO0har6EmDPBFmgeojo5elKZja0OIOtY0ufbh4d4,Kimwinter,1138,I,581,516,True,False,False,False,UKqs1uKrOZVmuWKh78wGP5pbxTyBusO7_9KLjWBOUMqlP9LTsBHo0wvsCRbR2GwqL_zUh0g9daZJLA
81O8xgMZKz8hwv3GMPt3jPLCBZIrv7fUlum3aJ0u2bHVucg,Xiaohao9,710,I,543,489,False,False,True,False,NCvzp_1v7K8kgKjYuscaPYPLaLLfjaqdaGAchsFgMTxsfQYvoFIq4MFY6vbt_Yhq1InQsv6Fet7NUA
XM1cHethWBDedsViSac_L0rP2ZtRVXKrhGosaJAr_RGDLqU,시간의 숲,879,I,311,250,False,False,False,True,-bZ__kertWYrStIhNNLoy_pS_rxcHiJ3dFDVw6gyFBt9azoFo70xMoa2sB4K1QpsGXFTAr2AyyHQ8A
Nv9uGTiRuYdV3N1GJli6q5UeJwk3G3HZu66wcijs5P7IU0bb,놀이터여행자,1074,I,1160,1082,True,False,False,False,Z4fxAxWsbN0KbCsU-KZc0z3_PtGquegsQ-smuy2QyP6HfHInjH33zPiKLveJGQEpR8ytdno94ywE4g
9Dd-lvb48Acgeae4R61A4UP_dSWOCjx5MilQ5IyVFx3m4w,JustLikeThatKR,1201,I,751,684,True,False,False,True,StHjbjhW2p16X3X_8ONX4KUlTECwdSb6UFt_0wi4Mx3AiX8b3XB-BIduRv0G05zanbkxZj3c0knxTw
3wk1v5BCGT_7jOdMWaeG8q43GGlexOJSWucuapNcyVqS0ihw47khpoCyuw,unlucky boy1,1007,I,1103,1026,False,False,False,True,mUNLdia78gJsy9HdA7RLpsijhNEG_hU1GgqtFxEWRAzq9oEOcnSxMcEuagWOJk8U8S6m92ozxouUYg
P2aAM-rJp8BuhZOgMQASk6Tk0U-YW0t9RJOQsm6OIuO5XzrD,독기품기,769,I,215,161,False,False,True,False,DMsr5d4N_oDlUuZmp4N00HeLCqsg_VAqcEp5uV06dmB74gzGYTteln210ZHXZVWHt5InO3DHS0l1_g
Y1Eee42097v09ZaF5le5EJUuecVAeLgFUXd26Lu1d4W4uw,PhasedKiller,787,I,272,213,True,False,False,False,mNtRFqLOhnUFvHEI-UPqFVmSqS0NxauhQf3203qGD9VgXDFoNoNTklWCuW2CCqTg6Gp_cDCAO2_K9A
AbBZbuD-QjctPW_PZsAy6lUWf-R_kuWsIYhkSrPRbaWeMQQ,snzll,881,I,518,460,False,False,True,True,vxHLoa71gJbVkoNK0WZ6Gs_-8hKOO9HJtXCPnmo_YwKrc5NhvumtyvuAbfaRc5BB4fogY4-5kgQOCw
mhsMoZH7S4lCVSCV76zoZGTMUVY-Qt7LFCIyHy7WQiKjWAieeqIA1gfEBQ,ldmzzz,875,I,290,225,False,False,True,False,wHlwPAYLe9RsiryBAEThc1b8i75JmZB0FeGPujoNq1SsqLhDdNovhugDck1vK9fZaphblkzmKc61_Q
6ARKqP3QNLkDHmvJYGNTjhFElGngB3OrEGyWY02FSlPCNRc,BRO Loopy,775,I,819,766,False,False,False,False,Ie00HSzSdYA0uoVB8iKc8xmOxfDDUkRimE6TkDKamGej2En715YQvSpFyw1E_Z0_lOCgKnLDWQd2Iw
zfcD7Oq_jJw62BWiZNA-Wi6jIC0RhYMCmCxK23Z-DzqzBno,DK Chasy,969,I,839,776,True,False,False,False,6Odz7ZMKk30EeyCyNb3VWi3STDFtd60bjO7tHcURWDr55EauE1FDHMifhniEwzDziGoQ4Vd8UNHXFA
LlKzZjdTOOrOy_pV-ulRI6RgRxkRVqRNmm9DJj0UXDvsZg,타락파워조이,803,I,323,280,False,False,False,False,ZzvCGIOD6h8ctFwR1WLndjnSqfJpvGjBuLDGc3AsRG-IlT6RNhJwdyEEbfMK07dfkq6kgOdRewlrMQ
O0zcwcqCIzdg8LXLNNZWkxV636DaVztVqGHwTcVNnasFBHCU3oPKaiVxQw,DK vvv,753,I,189,133,False,False,True,False,hHhSoQ3DAWc0Ff9HqeUn-6LDIllHlbm3YwJBtt-NJwwLx7XXLbVxJK_53lC5Dv_M27QB-TDlOoGpyw
4gUoaxrY_p40biT7XwgODBrHUUKFFT6JRYNedm09iqQUobeK,Saebyuck,756,I,396,348,False,False,True,True,lGOT7NjPQQnpv4EAayraoI6M9tkKb0GJmTaDqoc3bFQNPZdUuypa42gTAzcoVVD3AZqcfjhbDIlvkw
ori5q71rp0yr8y160OmiFI4wl2nXLR8o5vI0ENnyb09iYNbUoZn35T2DuQ,jusaka1,786,I,240,202,False,False,False,False,aWQDnQEUbH1BeFPUWYeTOviM3sUU8SbZvE-CkNaGLZtXQFQK7QjtyjpQOGFco579SzMsIAVf8i3buw
0tXwuG8HWOvg-MPySFmpuJ7WReJljYn7BSKlLYLLHT8oavs,은신 갈고리 부활,792,I,453,390,False,False,True,False,QnCvxFOtYk1Tb9Zd5Igh9LYBVUfj_WFwkXPgO2HeVQNU23prnM5219FJCwJgZfNdMOzrRl3PGPvvfQ
RbZWFQGc0tGIpHUoVess7AXwf9mkJYhAlFLA7qTmtb6TaEs,길고먼여행지,1005,I,351,281,False,False,False,True,isG9S2boJyOdp7e8IZT8DEGYItQhCIyv92YRxs_IjdmY_Y-32MGtOROTlTr7etwvJkChCSRSWID4Hw
KzR-kQraOlL03OiVJhvlJH2A4Xm7H3pSLBjjJ9rTM0mqk-23GnixoaN8og,못 찾을 외딴곳에,1383,I,742,646,True,False,False,False,VPicmtIOPZ-ptHcc-t3FHOdrDmf-E1ownEB5IvRTV17HaBo3IbzvxDkctyCBYMnNo8mnAavMCn-FhA
jOJ4KvNWOPjc_unB-UqfJQr847LpHo51xdn6gUqmIZUZ9wgg,lIlIIIIlIIIlIIII,901,I,517,448,False,False,False,True,oI2fiS5R-2_jRht317Q49iS_salnIhy6pcAaQUvNRHYxR0S4ThB-pJ7KmFYGRUqVc4IsQ4mvtNYhuw
XNqUtz2AtHwbb87ji1Upqe4vpfHaR749ZPxKhu9wJzIE6S4,GGanbuMid,1065,I,429,359,True,False,False,True,zg54hs5SPsJyS7tzN2OoH0nMsV3Hiuxf_q7u71DXp6U48SXDJ3_pIV8DIexCGcPZxb7wnXgnjR9HJA
l_G3nx2eini8-t8iorWAzW3DDG_1yfxTyRLajc6IYKB1WU4,자장면잠봉당수육,1068,I,275,194,True,False,False,False,p0I4GzyChMscJ9g8ZvWwxaY7JKWqvtvkR2RBmxZnbgrURl7_raR4WBg3ASn-686IAMcoM9VuTQmvZA
T91v6eXGjdqNhdX8FrM95vM5Lti1KVufppFAg5H4yRZztO4,윤용호,1099,I,483,421,True,False,False,True,bd0SPmpU8w7JOBpFsOxE1o3QWQa3tA5VWRuplYAgO4p7lj4JGXuA0zz6bN5lyoV6GMCIncss1Gu4RA
c0Y6Xx4jfAmumbHs8tz1x2K4bLZnHT1jKiOy2DaScqL5RIM,은정우,778,I,277,221,False,False,True,False,1IiNvSek4FV_WPXiHtqFRxPiN4eePeKiXemFwFB7oOCs5p0A6sTAQOHgLAT24iEo7iiDgHfGQ-u5Bg
vnO5SDVIDqWvQS9z54tDnNZO50hD9e5wzuOrLfTt86bYP9tBKY_5bXyBuQ,fa 01 top,917,I,430,354,False,False,False,False,erNbGclx7FK3ADXWoZKu60x_A2p-sebQp0K08cvDPUlvYvtNHMFr1ZphorL9fTvHLzKw09HKTprZ7g
TpaqQJeMghWntBxiDHSN_rOiETp3fPhu9Lg6N4skdWqhdEw,KT 5kld,839,I,388,334,True,False,False,False,sAY01AvQDY_erNezhTT88CP7_YrZqb97siuL_8JfwmhjEUwe4h8Bskm0Wo7KbkExo8IP_M2Jnt0jpg
mrO2jCbqP8CTwOIC3VCFYBCU3RzQhoAFWT_MVohAFfZq5WY,DWG Muru,1131,I,786,717,True,False,False,False,hoOAvICxXUTdH1m6Nujjz0o-hZJGU1kk-BfqmrHiWuCueob-2mbmKfDNT5B33R_yOZebTsUbsVhepg
_E6bYCt4_lOvqQg29LpoJP3XAOR6SKtiD7Ma-a1qUNnr8vja,Fiora,773,I,1004,932,False,False,True,True,WBQgYBWiCMvn87lna4S4WYMD_EvyWkpaU5TGTxtPiND0cYl2kv6vo6UO6sK4XlxCUcsZ3uXZdIcWGw
5rg_hPuIku_mpA9-_KjhfBzsxgpSf4gKXUX5F8m2jY7sqUo,Gen G Ruler,834,I,678,621,True,False,False,False,35lR-gRdgj2qMAsmVEVfxpJQNFEwEyd0N6y5Iq5fRjCSKg9OAJG5M6RpP-ZXRCNMDwxE_AiHBnRYlQ
NXrohyDm0ClbWI6wsMMU-mvS24drJ_2RnLZyBEnKk70hBeg,FA Decky,990,I,912,841,False,False,True,True,v4UStcFulvA7nP0fh_7imiYOB-tBIVKWXo-kHjSpfNjYKPFkNdcYRhpnjnGcDRckMsAehAjLCG8qbA
RX5it1-Wd_7oyHIZBpBpB61Ujdhf-p3BhCpQ3JcZxSTNnyXUSFD7JCkn_Q,shenzhenshaoye,997,I,515,435,True,False,False,False,hh3zibm2ZHYrQEm5_t-mN7UtlD8B1NguLK6tB9-lsJtqz9Eu4z26QNldxDz_zTy3VkFQNqfPiuc9Fg
D_CB7GcDnWWzFLp0tpOLdsd-eHYOcBhqofp5afnV8Q13aQ,쉔과나의연결고리,773,I,712,658,False,False,False,False,Ns_7gqcPz2C7GEBh2x1ptz38zHrBdfje6trYTC_yzeicF8VqLxbdW0em2ruF-C4rsUqXarMTcBmPoQ
0dhB0J3P7ujd4yjxJzJldcUrIBMrsh6v_w_D_YQOt_aV8kYQBN0WVmFcaQ,rekresreb,761,I,312,248,False,False,False,False,1Iziq6qTQP67lL9kohXIpgBFnXP-7AOBNRmWbGna-UzApMRdpPDP5ALAAD2G8T4ZKnXN8t76FZZh_g
ek-sIrnOi0ixTt4i7699UDEfVZZ52PUy5svDP9ikHTOQIf0,강의 듀오 제드팀,884,I,588,524,False,False,False,False,URMelnc8eAJps5y_hctThYemn5GvWr0A6G5_lMCIRipIVCGB3Kyom14cD612qdR2WSPivMRhDEsyXA
2iV8K6rVbrM6JNhLNyAMf6T_DBY0T6tgXZWEsssrPnEfNY0,아이러니zz,1118,I,586,502,True,False,False,False,ZbHCgWaq9ZMLRZ-GHiAHhRH_ZvUkWAwdAqy6ba6F3Drk2qylGQckgjx5EKGoCbkv30Tf_p-4kgFSNg
icva2wD7rFZ9RETNIcjEn_RDCtF8RsgaWlzrm89JYDHlqajdBydPoByheg,tan hua yi xian,826,I,922,860,False,False,False,False,Ci-O1EmZCEebMXh_X-wsIWJCz9o0gMjZAtIRT7fUN1nxp5p8TB_R7434VyFJdvu5oARv-kqvMOywNg
xUuwgbo5nnbScS9Y741y2MlHD8ueUf20r6XX5R2VKy5tO_M,iiinging,841,I,363,296,False,False,False,False,18B4H9QXiIW1JOfd12NtxBmHLjdlmEq8RbEo59GGUdwWTHjtWVt_1qB2D37YKoyq3mGdzzVwuI5M8w
VG4WAV9Ip4V2Yo4IE6wj009pZKBMKXQXInSAshNy4OJSSg,BRO Chieftain,942,I,756,671,False,False,False,False,adtOuNY3ZbisHRGPT2ZSiJc1LwOoJfOGFOv91gHzLulMgtDlI-LhPU93njtSqSRm8MlgYcvqS0ZgCQ
MuqxcOl3_fnWw24dwHgpBY4c-8n1F7sU8mGGG9AJsKw9DMo,Purpo지니,913,I,385,322,False,False,False,False,LdMGaD-Lk3ECRdjCy40A8Tm2WVt2-Eb7dr2NAIPTLBC9GEAFyxcSHArNKEjp9OwE7PJz6HxMEhot8Q
JoaXgIjnRl1eLeCm2jvvhEIADRG_6IfSDQKHWIY36m7kLA4,Kim Sang Hoon,761,I,413,376,False,False,True,False,cGMINB-7Mhh309O6a_3RH56MWFQPbbTIBFxsDDzT6TqWGPnmS5wegvPWELNCzMuT-C3fOZsBIg547g
lmTcD0_inkYa5g_KIZSzOJ6bEa9ixUes5vzMfOg_k5AnLmQ,Youtube heeseong,850,I,351,289,True,False,False,False,
